eid,pid,probe_name,histology_quality,has_histology_files,tracing_exists,alignment_resolved,alignment_count
6713a4a7-faed-4df2-acab-ee4e63326f8d,56f2a378-78d2-4132-b3c8-8c1ba82be598,probe00,alf,True,True,True,3
56956777-dca5-468c-87cb-78150432cc57,47be9ae4-290f-46ab-b047-952bc3a1a509,probe01,alf,True,True,True,2
56956777-dca5-468c-87cb-78150432cc57,6be21156-33b0-4f70-9a0f-65b3e3cd6d4a,probe00,alf,True,True,True,2
4364a246-f8d7-4ce7-ba23-a098104b96e4,8dfb86c8-d45c-46c4-90ec-33078014d434,probe01,alf,True,True,True,3
b182b754-3c3e-4942-8144-6ee790926b58,c893c0a3-5597-49cf-baa1-60efdfdef542,probe01,alf,True,True,True,2
a8a8af78-16de-4841-ab07-fde4b5281a03,1e176f17-d00f-49bb-87ff-26d237b525f1,probe00,alf,True,True,True,2
a8a8af78-16de-4841-ab07-fde4b5281a03,701026df-e170-4ca7-88aa-eb0b95ef6ba1,probe01,alf,True,True,True,2
032ffcdf-7692-40b3-b9ff-8def1fc18b2e,6506252f-1141-4e11-8816-4db01b71dda0,probe01,alf,True,True,True,2
032ffcdf-7692-40b3-b9ff-8def1fc18b2e,d213e786-4b1c-477d-a710-766d69fa1ac1,probe00,alf,True,True,True,3
8c33abef-3d3e-4d42-9f27-445e9def08f9,8895f61f-1c17-4d2f-8b9b-77476c5261b6,probe01,alf,True,True,True,3
8c33abef-3d3e-4d42-9f27-445e9def08f9,f475ae14-9415-453e-b800-1480ea1c868d,probe00,alf,True,True,True,3
ebe2efe3-e8a1-451a-8947-76ef42427cc9,73ff4936-8cd3-4a75-a772-f563e67d249d,probe00,alf,True,True,True,2
ebe2efe3-e8a1-451a-8947-76ef42427cc9,ac088ddb-9e1e-49ae-b341-46a8445cf809,probe01,alf,True,True,True,2
77e6dc6a-66ed-433c-b1a2-778c914f523c,7b05cccc-44f6-4491-a0ea-e38d6e95513d,probe00,alf,True,True,True,2
5569f363-0934-464e-9a5b-77c8e67791a1,99993a2b-588e-4c0c-bfec-e3dfb4f61534,probe00,alf,True,True,True,2
5ec72172-3901-4771-8777-6e9490ca51fc,298e2a70-9801-45f0-b91c-d6bb9718427e,probe00,alf,True,True,True,2
5ec72172-3901-4771-8777-6e9490ca51fc,9dff5593-e781-41a3-a6f9-20d06085e4f8,probe01,alf,True,True,True,2
7af49c00-63dd-4fed-b2e0-1b3bd945b20b,c4b5a9fa-10cb-4195-9c17-15b6a1f77f9a,probe01,alf,True,True,True,2
7af49c00-63dd-4fed-b2e0-1b3bd945b20b,f93bfce4-e814-4ae3-9cdf-59f4dcdedf51,probe00,alf,True,True,True,2
f88d4dd4-ccd7-400e-9035-fa00be3bcfa8,511afaa5-fdc4-4166-b4c0-4629ec5e652e,probe00,alf,True,True,True,2
f88d4dd4-ccd7-400e-9035-fa00be3bcfa8,decc8d40-cf74-4263-ae9d-a0cc68b47e86,probe01,alf,True,True,True,2
83d85891-bd75-4557-91b4-1cbb5f8bfc9d,16ad5eef-3fa6-4c75-9296-29bf40c5cfaa,probe00,alf,True,True,True,3
83d85891-bd75-4557-91b4-1cbb5f8bfc9d,66f810a8-b18d-4b54-9f28-2964dfceccad,probe01,alf,True,True,True,2
aec5d3cc-4bb2-4349-80a9-0395b76f04e2,7332e6cf-9847-4aca-b2e3-d864989dd0fb,probe01,alf,True,True,True,2
aec5d3cc-4bb2-4349-80a9-0395b76f04e2,789fd2ee-c755-46c5-9c6f-260092520216,probe00,alf,True,True,True,2
21d21fc3-4201-4edc-802a-c67b61952548,b7c57ce1-a75b-410a-94b6-8abee5a92c4f,probe00,alf,True,True,True,2
6ed57216-498d-48a6-b48b-a243a34710ea,0909252c-3ad0-413f-96f5-7eff885b50aa,probe01,alf,True,True,True,2
6ed57216-498d-48a6-b48b-a243a34710ea,e45a00b1-14a0-4f5e-9ea5-9f76d042b11c,probe00,alf,True,True,True,2
35ed605c-1a1a-47b1-86ff-2b56144f55af,117f0d28-3cc0-4837-9e3e-46db5bc3e662,probe00,alf,True,True,True,2
35ed605c-1a1a-47b1-86ff-2b56144f55af,85bdeae3-269b-4e39-bd9b-2b0d95aff2fa,probe01,alf,True,True,True,2
fa1f26a1-eb49-4b24-917e-19f02a18ac61,01864e9d-0dbe-41d4-9e3a-0285348ecfc1,probe01,alf,True,True,True,2
fa1f26a1-eb49-4b24-917e-19f02a18ac61,a9e83d8a-7c90-4152-abad-53a1ad94d73a,probe00,alf,True,True,True,3
ee212778-3903-4f5b-ac4b-a72f22debf03,0777b1bf-964b-49b7-888b-8a6c9df09c3b,probe00,alf,True,True,True,2
ee212778-3903-4f5b-ac4b-a72f22debf03,9793c99d-f918-4931-8bba-fdb978bd8e0a,probe01,alf,True,True,True,2
91a3353a-2da1-420d-8c7c-fad2fedfdd18,08ed0b3c-9f94-4c1f-8522-3d42a642a6b0,probe01,alf,True,True,True,2
91a3353a-2da1-420d-8c7c-fad2fedfdd18,a85b9795-f99c-4c1d-a376-8b5ef095ffd7,probe00,alf,True,True,True,2
5157810e-0fff-4bcf-b19d-32d4e39c7dfc,43b9b189-5221-46a0-928a-e137bc326534,probe01,alf,True,True,True,3
5157810e-0fff-4bcf-b19d-32d4e39c7dfc,c410fda5-a6db-4697-a7e3-6ed65601844d,probe00,alf,True,True,True,2
8ca740c5-e7fe-430a-aa10-e74e9c3cbbe8,ce0dc660-f19e-46a3-94f9-646bebae6805,probe01,alf,True,True,True,2
8ca740c5-e7fe-430a-aa10-e74e9c3cbbe8,ef7e9f3e-a53a-4e00-8f6a-537667af2bea,probe00,alf,True,True,True,2
71855308-7e54-41d7-a7a4-b042e78e3b4f,4431f9fd-aaa8-4b10-905c-0c6869ea1088,probe00,alf,True,True,True,3
71855308-7e54-41d7-a7a4-b042e78e3b4f,5f7766ce-8e2e-410c-9195-6bf089fea4fd,probe01,alf,True,True,True,2
f359281f-6941-4bfd-90d4-940be22ed3c3,7441d0df-ef9b-419b-ae4d-b9bd7c2f17cb,probe01,alf,True,True,True,2
f359281f-6941-4bfd-90d4-940be22ed3c3,e9c04e7e-c075-4ee3-9750-dff255ec7e84,probe00,alf,True,True,True,2
51e53aff-1d5d-4182-a684-aba783d50ae5,18be19f9-6ca5-4fc8-9220-ba43c3e75905,probe01,alf,True,True,True,2
51e53aff-1d5d-4182-a684-aba783d50ae5,1a60a6e1-da99-4d4e-a734-39b1d4544fad,probe00,alf,True,True,True,2
537677fe-1e24-4755-948c-fa4a4e8ecce5,76f16631-cbf7-4883-9437-4e8d8c4f34a3,probe01,alf,True,True,True,2
537677fe-1e24-4755-948c-fa4a4e8ecce5,e7080659-8319-48a6-b6fd-2e8ce8eeec49,probe00,alf,True,True,True,2
5bcafa14-71cb-42fa-8265-ce5cda1b89e0,7c11adc6-adbd-484f-8ae9-13946285e3f8,probe01,alf,True,True,True,2
5bcafa14-71cb-42fa-8265-ce5cda1b89e0,e4632651-5ba7-48a7-86db-5298b45a5bac,probe00,alf,True,True,True,3
d32876dd-8303-4720-8e7e-20678dc2fd71,98bde8a6-6b6a-4e53-96b1-9078c3974a97,probe00,alf,True,True,True,2
72982282-e493-45ee-87ce-aa45cb3a3ec1,79fbd14b-bfad-4b28-90a9-3019bf72336f,probe00,alf,True,True,True,2
72982282-e493-45ee-87ce-aa45cb3a3ec1,a4ed0599-4a72-4afb-8fe9-d0d046aec6aa,probe01,alf,True,True,True,2
6434f2f5-6bce-42b8-8563-d93d493613a2,f8249eab-d4c2-4fb0-a258-7f4b99fa19e4,probe00,alf,True,True,True,2
64e3fb86-928c-4079-865c-b364205b502e,da17779f-7728-4c51-8b54-b88764c0908d,probe01,alf,True,True,True,2
15948667-747b-4702-9d53-354ac70e9119,4e6dfe08-cab0-4a05-903b-94283cb9f8e7,probe00,alf,True,True,True,3
15948667-747b-4702-9d53-354ac70e9119,7587e3bb-dd11-4853-b48b-feab0b56ae05,probe01,alf,True,True,True,2
288bfbf3-3700-4abe-b6e4-130b5c541e61,05ec6af9-6c83-422d-91a3-ba815fa65e92,probe01,alf,True,True,True,3
288bfbf3-3700-4abe-b6e4-130b5c541e61,7dcd74a9-fc7a-4c3c-85b9-769d869629ec,probe00,alf,True,True,True,3
fc43390d-457e-463a-9fd4-b94a0a8b48f5,3b729602-20d5-4be8-a10e-24bde8fc3092,probe00,alf,True,True,True,3
fc43390d-457e-463a-9fd4-b94a0a8b48f5,89606895-287e-4559-8536-9830b047af34,probe01,alf,True,True,True,2
a405053a-eb13-4aa4-850c-5a337e5dc7fd,450cea3b-9289-4708-9df2-a2518bdc4b59,probe00,alf,True,True,True,2
a405053a-eb13-4aa4-850c-5a337e5dc7fd,afecbc7f-10e3-40af-b091-cca9e8df6108,probe01,alf,True,True,True,2
93ad879a-aa42-4150-83e1-38773c9785e4,9991277b-9e8e-4db8-b8a6-e2c0176ef9ad,probe00,alf,True,True,True,2
93ad879a-aa42-4150-83e1-38773c9785e4,fe41986d-4966-4a77-af7e-e7f71c25aec5,probe01,alf,True,True,True,4
3d59aa1a-b4ba-47fe-b9cf-741b5fdb0c7b,a63a7248-9393-478b-9478-64f421ef5eb8,probe00,alf,True,True,True,3
3d59aa1a-b4ba-47fe-b9cf-741b5fdb0c7b,aeb06797-fddf-4ad2-b0ef-dd1b0f54d034,probe01,alf,True,True,True,2
a2ec6341-c55f-48a0-a23b-0ef2f5b1d71e,5135e93f-2f1f-4301-9532-b5ad62548c49,probe00,alf,True,True,True,2
a2ec6341-c55f-48a0-a23b-0ef2f5b1d71e,6925a312-966c-4e41-b79e-4594da57a2ee,probe01,alf,True,True,True,2
8c025071-c4f3-426c-9aed-f149e8f75b7b,81f35c52-f7bb-4342-8f91-1837a068c045,probe00,alf,True,True,True,2
8c025071-c4f3-426c-9aed-f149e8f75b7b,93a76e52-fed0-494f-8852-2b978f56a8e7,probe01,alf,True,True,True,2
bb8d9451-fdbd-4f46-b52e-9290e8f84d2e,79e56114-a12b-4571-bee3-a5cdd2145ea1,probe00,alf,True,True,True,2
bb8d9451-fdbd-4f46-b52e-9290e8f84d2e,e6749a77-4b65-4186-a47e-63562386cecd,probe01,alf,True,True,True,2
034e726f-b35f-41e0-8d6c-a22cc32391fb,5e84c8e7-236f-4a64-a944-dc4a17c64f1d,probe01,alf,True,True,True,2
034e726f-b35f-41e0-8d6c-a22cc32391fb,8fbfa285-d721-4a1a-8c18-f36652c17909,probe00,alf,True,True,True,2
dfd8e7df-dc51-4589-b6ca-7baccfeb94b4,53b58cc3-8d88-4257-aa63-48da088f2091,probe01,alf,True,True,True,2
fa704052-147e-46f6-b190-a65b837e605e,00a824c0-e060-495f-9ebc-79c82fef4c67,probe00,alf,True,True,True,2
fa704052-147e-46f6-b190-a65b837e605e,7791ee46-5c13-4d1b-8518-5602dcb8666b,probe01,alf,True,True,True,2
46794e05-3f6a-4d35-afb3-9165091a5a74,0ece5c6a-7d1e-4365-893d-ac1cc04f1d7b,probe01,alf,True,True,True,2
7939711b-8b4d-4251-b698-b97c1eaa846e,e070023a-2a5d-4398-ad66-f9ed5d517ad1,probe01,alf,True,True,True,2
b52182e7-39f6-4914-9717-136db589706e,0393f34c-a2bd-4c01-99c9-f6b4ec6e786d,probe00,alf,True,True,True,2
b52182e7-39f6-4914-9717-136db589706e,4762e8ed-4d94-4fd7-9522-e927f5ffca74,probe01,alf,True,True,True,3
2d5f6d81-38c4-4bdc-ac3c-302ea4d5f46e,45c49ba2-a113-4446-9c6d-9b049c1f9f74,probe01,alf,True,True,True,2
2d5f6d81-38c4-4bdc-ac3c-302ea4d5f46e,dec6ad00-01c8-4bfd-bcdc-b37c5e0cdb0e,probe00,alf,True,True,True,2
4b7fbad4-f6de-43b4-9b15-c7c7ef44db4b,f86e9571-63ff-4116-9c40-aa44d57d2da9,probe00,alf,True,True,True,4
4b7fbad4-f6de-43b4-9b15-c7c7ef44db4b,fd555d39-b728-44aa-90d2-796b8bb58300,probe01,alf,True,True,True,2
c99d53e6-c317-4c53-99ba-070b26673ac4,531423f6-d36d-472b-8234-c8f7b8293f79,probe00,alf,True,True,True,2
d2918f52-8280-43c0-924b-029b2317e62c,2564dc27-4eda-4fc3-a151-c13475796ee1,probe00,alf,True,True,True,3
d839491f-55d8-4cbe-a298-7839208ba12b,ae2b9f1b-ebe3-4b56-8957-31982186e6ec,probe00,alf,True,True,True,2
d839491f-55d8-4cbe-a298-7839208ba12b,c536b0a9-b710-43c3-ba2c-5a0cccf98ec2,probe01,alf,True,True,True,2
ecb5520d-1358-434c-95ec-93687ecd1396,e55266c7-eb05-47bb-b263-1cc08dc3c00c,probe01,alf,True,True,True,3
ecb5520d-1358-434c-95ec-93687ecd1396,f2ee886d-5b9c-4d06-a9be-ee7ae8381114,probe00,alf,True,True,True,2
3663d82b-f197-4e8b-b299-7b803a155b84,04690e35-ab38-41db-982c-50cbdf8d0dd1,probe01,alf,True,True,True,2
3663d82b-f197-4e8b-b299-7b803a155b84,b46e219c-6a87-4a93-9924-1070841381e9,probe00,alf,True,True,True,3
85dc2ebd-8aaf-46b0-9284-a197aee8b16f,df07180e-268e-489c-826e-40cb6f63d3a5,probe00,alf,True,True,True,3
5386aba9-9b97-4557-abcd-abc2da66b863,5810514e-2a86-4a34-b7bd-1e4b0b601295,probe00,alf,True,True,True,2
83e77b4b-dfa0-4af9-968b-7ea0c7a0c7e4,1841cf1f-725d-499e-ab8e-7f6fc8c308b6,probe01,alf,True,True,True,2
83e77b4b-dfa0-4af9-968b-7ea0c7a0c7e4,220bca21-4cf8-43f1-a213-71645899c571,probe00,alf,True,True,True,2
4b00df29-3769-43be-bb40-128b1cba6d35,461ecb39-ab58-4a6c-acd7-22da5b4b4b22,probe01,alf,True,True,True,3
4b00df29-3769-43be-bb40-128b1cba6d35,8d59da25-3a9c-44be-8b1a-e27cdd39ca34,probe00,alf,True,True,True,3
12dc8b34-b18e-4cdd-90a9-da134a9be79c,43d4f889-4b05-44df-8306-ea10f854776f,probe00,alf,True,True,True,2
0deb75fb-9088-42d9-b744-012fb8fc4afb,188fe7d5-fd1c-494f-88bc-672d77b9779e,probe00,alf,True,True,True,2
eef82e27-c20e-48da-b4b7-c443031649e3,0ce74616-abf8-47c2-86d9-f821cd25efd3,probe00,alf,True,True,True,2
810b1e07-009e-4ebe-930a-915e4cd8ece4,04db6b9e-a80c-4507-a98e-ad76294ac444,probe01,alf,True,True,True,2
810b1e07-009e-4ebe-930a-915e4cd8ece4,c5fd185f-1c5a-4aad-9795-43c4ccf8ea94,probe00,alf,True,True,True,2
a71175be-d1fd-47a3-aa93-b830ea3634a1,ac680ec5-6f89-4739-9848-9d76fc0e017f,probe00,alf,True,True,True,2
a71175be-d1fd-47a3-aa93-b830ea3634a1,e10a7a75-4740-41d1-82bb-7696ed14c442,probe01,alf,True,True,True,2
0cbeae00-e229-4b7d-bdcc-1b0569d7e0c3,0eb65305-bb95-4bf1-a154-1b810c0cff25,probe00,alf,True,True,True,2
0cbeae00-e229-4b7d-bdcc-1b0569d7e0c3,f9656eee-141c-453d-a016-4aba68f674dc,probe01,alf,True,True,True,2
f312aaec-3b6f-44b3-86b4-3a0c119c0438,d585f4b5-d154-4666-92c4-eb219f1e0f02,probe01,alf,True,True,True,2
f312aaec-3b6f-44b3-86b4-3a0c119c0438,eeb27b45-5b85-4e5c-b6ff-f639ca5687de,probe00,alf,True,True,True,2
fb70ebf7-8175-42b0-9b7a-7c6e8612226e,5fd00035-89d6-4e7c-bb26-f103388b731d,probe01,alf,True,True,True,2
fb70ebf7-8175-42b0-9b7a-7c6e8612226e,acf04c3f-650a-4de0-b0d0-edf695dd2025,probe00,alf,True,True,True,2
28741f91-c837-4147-939e-918d38d849f2,5458cb27-d065-4626-bcd8-1aa775e1115e,probe01,alf,True,True,True,2
28741f91-c837-4147-939e-918d38d849f2,bf591043-03c2-48bb-9197-e17e85aaeb8f,probe00,alf,True,True,True,3
d2f5a130-b981-4546-8858-c94ae1da75ff,2d2cdf86-4a0c-42d8-aed3-5b187f160013,probe01,alf,True,True,True,2
d2f5a130-b981-4546-8858-c94ae1da75ff,79628a45-c2e3-4206-97df-4c91edaff90f,probe00,alf,True,True,True,2
57b5ae8f-d446-4161-b439-b191c5e3e77b,c42574be-0456-437f-8329-afc5a63b7e78,probe01,alf,True,True,True,2
57b5ae8f-d446-4161-b439-b191c5e3e77b,e88eb9f8-fff3-469a-854d-d16adef19df0,probe00,alf,True,True,True,2
dda5fc59-f09a-4256-9fb5-66c67667a466,69f42a9c-095d-4a25-bca8-61a9869871d3,probe00,alf,True,True,True,2
dda5fc59-f09a-4256-9fb5-66c67667a466,8169d556-f994-4735-b4c8-f7c85ddc39b0,probe01,alf,True,True,True,2
d16a9a8d-5f42-4b49-ba58-1746f807fcc1,5a9f8899-556a-43ea-892d-5e35b969ff38,probe01,alf,True,True,True,2
37e96d0b-5b4b-4c6e-9b29-7edbdc94bbd0,50f1512d-dd41-4a0c-b3ab-b0564f0424d7,probe01,alf,True,True,True,2
37e96d0b-5b4b-4c6e-9b29-7edbdc94bbd0,f4ff3ff8-19b7-40c7-bf6f-8b577b811ed1,probe00,alf,True,True,True,2
2e6e179c-fccc-4e8f-9448-ce5b6858a183,35897454-8702-4dc4-9865-7f01fa65f355,probe01,alf,True,True,True,2
2e6e179c-fccc-4e8f-9448-ce5b6858a183,9f99bd34-40d4-4aac-ae2b-7bc7f7086ccb,probe00,alf,True,True,True,2
1191f865-b10a-45c8-9c48-24a980fd9402,62a97aee-9f8b-40be-9ea7-f785ede30df8,probe00,alf,True,True,True,2
1191f865-b10a-45c8-9c48-24a980fd9402,e52942b9-62b8-4cbf-9597-d73aea5cdb3e,probe01,alf,True,True,True,2
f10efe41-0dc0-44d0-8f26-5ff68dca23e9,7bc16ab1-1b0d-4f52-9e4b-210106ea344c,probe01,alf,True,True,True,2
f10efe41-0dc0-44d0-8f26-5ff68dca23e9,8d0a5caf-2be2-48c1-bf1a-f538bacd46b4,probe00,alf,True,True,True,2
6364ff7f-6471-415a-ab9e-632a12052690,516b2043-0176-49a3-a986-132b3d02f28a,probe01,alf,True,True,True,2
7be8fec4-406b-4e74-8548-d2885dcc3d5e,44f5caad-c703-4279-866b-0303e57d2a7f,probe00,alf,True,True,True,2
7be8fec4-406b-4e74-8548-d2885dcc3d5e,f74a6b9a-b8a5-4c80-9c30-7dd4cdbb48c0,probe01,alf,True,True,True,2
7dd27c2f-9544-448d-918d-be0f9837b0e0,d3507787-60c8-4cea-a61e-0c708b4361d8,probe00,alf,True,True,True,2
ca4ecb4c-4b60-4723-9b9e-2c54a6290a53,92822789-608f-44a6-ad64-fe549402b2df,probe00,alf,True,True,True,2
004d8fd5-41e7-4f1b-a45b-0d4ad76fe446,d65ab768-bd77-4719-acb9-677abca4e9d8,probe00,alf,True,True,True,2
35eeb752-8f4f-4040-9714-ba0f5b7ccdfe,069c2674-80b0-44b4-a3d9-28337512967f,probe00,alf,True,True,True,2
97c1d08d-57b4-4595-8052-91eb84ebfd74,d7187e4f-7bfe-42b3-9e36-761c76eb6e8f,probe00,alf,True,True,True,2
a1782f4f-86b0-480c-a7f2-3d8f1ab482ab,38e9e5b8-db29-4158-a09d-cc1de4a1365a,probe00,alf,True,True,True,2
3f71aa98-08c6-4e79-b4c8-00eae4f03eff,17fa2600-6349-4b6f-a7e4-d8ea5558fa12,probe00,alf,True,True,True,2
c46b8def-620d-4d70-9397-be5694255f73,06b677d6-b074-4444-bd4a-3235a310e6e0,probe00,alf,True,True,True,2
15b69921-d471-4ded-8814-2adad954bcd8,7a620688-66cb-44d3-b79b-ccac1c8ba23e,probe00,alf,True,True,True,2
11163613-a6c9-4975-9586-84dc00481547,24149f5c-2984-4b48-922b-3cd1452cd4bd,probe00,alf,True,True,True,2
5ae68c54-2897-4d3a-8120-426150704385,a8a59fc3-a658-4db4-b5e8-09f1e4df03fd,probe00,alf,True,True,True,2
a7eba2cf-427f-4df9-879b-e53e962eae18,a759e857-fd8f-4653-a397-c48547230427,probe00,alf,True,True,True,2
ebce500b-c530-47de-8cb1-963c552703ea,8c732bf2-639d-496c-bf82-464bc9c2d54b,probe00,alf,True,True,True,3
d57df551-6dcb-4242-9c72-b806cff5613a,e42e948c-3154-45cb-bf52-408b7cda0f2f,probe00,alf,True,True,True,2
19e66dc9-bf9f-430b-9d6a-acfa85de6fb7,f967a527-257f-404a-871d-b91575dca3b4,probe00,alf,True,True,True,2
824cf03d-4012-4ab1-b499-c83a92c5589e,c07d13ed-e387-4457-8e33-1d16aed3fd92,probe00,alf,True,True,True,2
1f095590-6669-46c9-986b-ccaf0620c5e9,ad256265-03f2-4b4e-954b-0ba0c5cf6707,probe01,alf,True,True,True,2
03d9a098-07bf-4765-88b7-85f8d8f620cc,94e948c1-f7be-4868-893a-f7cd2df3313e,probe00,alf,True,True,True,2
0c828385-6dd6-4842-a702-c5075f5f5e81,3d3d5a5e-df26-43ee-80b6-2d72d85668a5,probe00,alf,True,True,True,2
bb099402-fb31-4cfd-824e-1c97530a0875,b83407f8-8220-46f9-9b90-a4c9f150c572,probe00,alf,True,True,True,2
7f5df7eb-cf36-4589-a20a-14b535441142,0c15a331-09ac-445c-837f-6afb5e377e56,probe00,alf,True,True,True,2
111c1762-7908-47e0-9f40-2f2ee55b6505,27bac116-ea57-4512-ad35-714a62d259cd,probe00,alf,True,True,True,4
111c1762-7908-47e0-9f40-2f2ee55b6505,eebcaf65-7fa4-4118-869d-a084e84530e2,probe01,alf,True,True,True,2
5455a21c-1be7-4cae-ae8e-8853a8d5f55e,e96cbd77-5fdf-4a35-81f4-4a6361bded65,probe00,alf,True,True,True,2
32d27583-56aa-4510-bc03-669036edad20,2e720cee-05cc-440e-a24b-13794b1ac01d,probe00,alf,True,True,True,2
8a3a0197-b40a-449f-be55-c00b23253bbf,a94a0023-d461-49fa-8cc6-032237039c27,probe01,alf,True,True,True,2
8a3a0197-b40a-449f-be55-c00b23253bbf,f9d8aacd-b2a0-49f2-bd71-c2f5aadcfdd1,probe00,alf,True,True,True,2
ebc9392c-1ecb-4b4b-a545-4e3d70d23611,6358854e-51d2-47de-a278-5cbfd155feb6,probe00,alf,True,True,True,2
19b44992-d527-4a12-8bda-aa11379cb08c,c872ca65-8319-4901-856e-7dc507e2dd9c,probe00,alf,True,True,True,2
19b44992-d527-4a12-8bda-aa11379cb08c,f083fcd5-e456-433d-8aa5-6ace0a7ac170,probe01,alf,True,True,True,2
3537d970-f515-4786-853f-23de525e110f,501ab543-9d02-4085-956d-22b9b3eeb543,probe00,alf,True,True,True,2
6f36868f-5cc1-450c-82fa-6b9829ce0cfe,54455bff-7afd-4a16-835f-f79b7c30bae9,probe00,alf,True,True,True,2
6f36868f-5cc1-450c-82fa-6b9829ce0cfe,7c94d733-b913-4064-83f2-37422712204c,probe01,alf,True,True,True,2
f99ac31f-171b-4208-a55d-5644c0ad51c3,6ad5a0a6-362a-4aec-8743-2e91469b0b62,probe00,alf,True,True,True,2
f99ac31f-171b-4208-a55d-5644c0ad51c3,6e61f777-90b9-4656-af30-9ed54d426c5a,probe01,alf,True,True,True,2
e2b845a1-e313-4a08-bc61-a5f662ed295e,80f6ffdd-f692-450f-ab19-cd6d45bfd73e,probe00,alf,True,True,True,2
e2b845a1-e313-4a08-bc61-a5f662ed295e,ac839451-05bc-493e-b167-558b2b195baa,probe01,alf,True,True,True,2
2bdf206a-820f-402f-920a-9e86cd5388a4,02cc03e4-8015-4050-bb42-6c832091febb,probe00,alf,True,True,True,3
2bdf206a-820f-402f-920a-9e86cd5388a4,afe87fbb-3a17-461f-b333-e22903f1d70d,probe01,alf,True,True,True,2
fa8ad50d-76f2-45fa-a52f-08fe3d942345,e05af01e-8721-4ec7-8d0f-dc022b3bebc3,probe00,alf,True,True,True,2
8d316998-28c3-4265-b029-e2ca82375b2f,5245b505-d0e7-4942-94d1-b33a084fab03,probe00,alf,True,True,True,2
bda2faf5-9563-4940-a80f-ce444259e47b,29418b18-4db6-436f-a85e-b0f1d38d2e62,probe00,alf,True,True,True,2
91bac580-76ed-41ab-ac07-89051f8d7f6e,6d9b6393-6729-4a15-ad08-c6838842a074,probe00,alf,True,True,True,2
23c75e0b-05d8-452e-8efb-a3687ab94079,c64201ea-262e-45fe-8f41-5a074780cd59,probe00,alf,True,True,True,2
dc962048-89bb-4e6a-96a9-b062a2be1426,53b3a7c6-ae42-49da-b69c-69e55a43a427,probe01,alf,True,True,True,2
dc962048-89bb-4e6a-96a9-b062a2be1426,ee3345e6-540d-4cea-9e4a-7f1b2fb9a4e4,probe00,alf,True,True,True,2
0841d188-8ef2-4f20-9828-76a94d5343a4,c6e294f7-5421-4697-8618-8ccc9b0269f6,probe00,alf,True,True,True,2
0841d188-8ef2-4f20-9828-76a94d5343a4,dd75e810-a399-4364-9d4a-517312cf3010,probe01,alf,True,True,True,2
8a1cf4ef-06e3-4c72-9bc7-e1baa189841b,5544da75-8d34-47cb-9092-1f91e713e79c,probe01,alf,True,True,True,2
8a1cf4ef-06e3-4c72-9bc7-e1baa189841b,5e8ac11b-959a-49ab-a6a3-8a3397e1df0e,probe00,alf,True,True,True,2
687017d4-c9fc-458f-a7d5-0979fe1a7470,f68d9f26-ac40-4c67-9cbf-9ad1851292f7,probe00,alf,True,True,True,2
16693458-0801-4d35-a3f1-9115c7e5acfd,53ecbf4f-e0d8-4fe6-a852-8b934a37a1c2,probe00,alf,True,True,True,2
16693458-0801-4d35-a3f1-9115c7e5acfd,b543e81e-4c8f-415e-82ec-631b177d19d2,probe01,alf,True,True,True,3
e1931de1-cf7b-49af-af33-2ade15e8abe7,9150758e-1390-41d1-b426-96675e60dbea,probe00,alf,True,True,True,2
e1931de1-cf7b-49af-af33-2ade15e8abe7,fe2d6fc9-b0c4-4256-b427-9c06950da925,probe01,alf,True,True,True,2
b9c205c3-feac-485b-a89d-afc96d9cb280,ea931b15-6214-4b80-8d88-7acbbe071bc0,probe00,alf,True,True,True,2
6cf2a88a-515b-4f7f-89a2-7d53eab9b5f4,31811232-52ef-456c-9772-5021c00b2bc9,probe00,alf,True,True,True,2
6cf2a88a-515b-4f7f-89a2-7d53eab9b5f4,fa539f97-a078-4fc6-9a12-237799466d9c,probe01,alf,True,True,True,3
16c3667b-e0ea-43fb-9ad4-8dcd1e6c40e1,c0c3bcca-6a79-47ef-becb-b1a157a3f2cb,probe00,alf,True,True,True,2
16c3667b-e0ea-43fb-9ad4-8dcd1e6c40e1,d595ee58-75bb-4df3-96de-d9b4f4d1f6ab,probe01,alf,True,True,True,2
dd87e278-999d-478b-8cbd-b5bf92b84763,15a2a63f-739d-4eb0-ab8f-fc95b6299b68,probe01,alf,True,True,True,2
dd87e278-999d-478b-8cbd-b5bf92b84763,46448da7-ad7b-4ca8-b3ab-2d1d47439cbf,probe00,alf,True,True,True,3
15f742e1-1043-45c9-9504-f1e8a53c1744,3675290c-8134-4598-b924-83edb7940269,probe00,alf,True,True,True,2
15f742e1-1043-45c9-9504-f1e8a53c1744,82765a73-2a03-42ca-ba98-194247caa62e,probe01,alf,True,True,True,4
a4000c2f-fa75-4b3e-8f06-a7cf599b87ad,adca9242-0725-41d4-8eb1-5655a464431d,probe01,alf,True,True,True,2
a4000c2f-fa75-4b3e-8f06-a7cf599b87ad,e8129a86-b5a9-4d2e-9e9c-09689c9bf0b3,probe00,alf,True,True,True,2
cc45c568-c3b9-4f74-836e-c87762e898c8,6a22a5b4-79ec-4b3c-b023-1ec7b4a2b675,probe01,alf,True,True,True,2
cc45c568-c3b9-4f74-836e-c87762e898c8,aab5be05-5c1c-4c08-9739-1274bc3bcf4f,probe00,alf,True,True,True,2
a92c4b1d-46bd-457e-a1f4-414265f0e2d4,26af22bb-b295-4a45-8ed3-1700604c0708,probe01,alf,True,True,True,2
a92c4b1d-46bd-457e-a1f4-414265f0e2d4,f44d2056-644c-4769-a189-7efe67b0269d,probe00,alf,True,True,True,2
aad23144-0e52-4eac-80c5-c4ee2decb198,45e7731f-4a43-45d5-9029-c080150bc596,probe00,alf,True,True,True,2
aad23144-0e52-4eac-80c5-c4ee2decb198,b749446c-18e3-4987-820a-50649ab0f826,probe01,alf,True,True,True,4
8c552ddc-813e-4035-81cc-3971b57efe65,10ef1dcd-093c-4839-8f38-90a25edefb49,probe01,alf,True,True,True,2
8c552ddc-813e-4035-81cc-3971b57efe65,b98f6b89-3de4-4295-be1c-59e465de1e32,probe00,alf,True,True,True,2
07dc4b76-5b93-4a03-82a0-b3d9cc73f412,530f1670-9412-44ac-afdb-935d46bcaad3,probe00,alf,True,True,True,2
07dc4b76-5b93-4a03-82a0-b3d9cc73f412,97207d87-3fcd-4ebb-b0c7-087bdbf8a95c,probe01,alf,True,True,True,3
9468fa93-21ae-4984-955c-e8402e280c83,0c42a3d2-beb7-4b7b-a9b5-1eea6c51e1f4,probe01,alf,True,True,True,3
9468fa93-21ae-4984-955c-e8402e280c83,f0dfd1c1-d315-4cf8-9130-05d3be2ea0cb,probe00,alf,True,True,True,2
e5c75b62-6871-4135-b3d0-f6464c2d90c0,1d547041-230a-4af3-ba6a-7287de2bdec3,probe01,alf,True,True,True,2
e5c75b62-6871-4135-b3d0-f6464c2d90c0,aac3b928-e99a-4039-ace1-af45d0130d82,probe00,alf,True,True,True,2
a6fe44a8-07ab-49b8-81f9-e18575aa85cc,50445b30-f4ef-4405-b014-1d792ddfed88,probe01,alf,True,True,True,2
a6fe44a8-07ab-49b8-81f9-e18575aa85cc,825ba9b8-ce03-49b7-b1a8-4d85ae2185af,probe00,alf,True,True,True,2
781b35fd-e1f0-4d14-b2bb-95b7263082bb,3017e4dc-2150-43ad-9b08-b95b48ba8dfa,probe00,alf,True,True,True,2
781b35fd-e1f0-4d14-b2bb-95b7263082bb,70da415f-444d-4148-ade7-a1f58a16fcf8,probe01,alf,True,True,True,2
571d3ffe-54a5-473d-a265-5dc373eb7efc,437f43e1-9c8f-4be9-ac89-97885b0e03d0,probe01,alf,True,True,True,2
571d3ffe-54a5-473d-a265-5dc373eb7efc,aecd7612-b5c5-4ad2-9e76-e5b783387e47,probe00,alf,True,True,True,2
0ac8d013-b91e-4732-bc7b-a1164ff3e445,63435e73-6a72-4007-b0da-03e6473e6870,probe01,alf,True,True,True,2
0ac8d013-b91e-4732-bc7b-a1164ff3e445,8d661567-49f3-4547-997d-a345c0ffe2dd,probe00,alf,True,True,True,2
69c9a415-f7fa-4208-887b-1417c1479b48,1a276285-8b0e-4cc9-9f0a-a3a002978724,probe00,alf,True,True,True,2
69c9a415-f7fa-4208-887b-1417c1479b48,72274871-80e5-4fb9-be1a-bb04acebb1de,probe01,alf,True,True,True,2
dfbe628d-365b-461c-a07f-8b9911ba83aa,ad315779-2b39-46c4-8348-b166e796fa7c,probe00,alf,True,True,True,2
dfbe628d-365b-461c-a07f-8b9911ba83aa,df350b09-a420-42bb-9952-17862cbb9f1c,probe01,alf,True,True,True,2
aa3432cd-62bd-40bc-bc1c-a12d53bcbdcf,41ea689a-7e05-463b-915a-90e63b8c0572,probe00,alf,True,True,True,2
aa3432cd-62bd-40bc-bc1c-a12d53bcbdcf,cc9d666c-6fe5-418d-9b37-114428d25454,probe01,alf,True,True,True,3
0a018f12-ee06-4b11-97aa-bbbff5448e9f,16799c7a-e395-435d-a4c4-a678007e1550,probe00,alf,True,True,True,2
4503697e-af44-47d9-898d-4924be990240,a8adabd7-7979-4fcf-99e7-d9bd9d27896f,probe01,alf,True,True,True,2
7082d8ff-255a-47d7-a839-bf093483ec30,082187a0-121f-47d5-962a-a9ad467e7124,probe00,alf,True,True,True,2
7082d8ff-255a-47d7-a839-bf093483ec30,2122d807-13ab-494e-a1cc-e55cf24d3e9f,probe01,alf,True,True,True,2
ac7d3064-7f09-48a3-88d2-e86a4eb86461,1df6ebb3-9d16-4c0f-96cc-e1b1596d2006,probe00,alf,True,True,True,2
ac7d3064-7f09-48a3-88d2-e86a4eb86461,2c401cbd-b95c-4ebe-8a83-92b55ab49542,probe01,alf,True,True,True,2
b22f694e-4a34-4142-ab9d-2556c3487086,8abf098f-d4f6-4957-9c0a-f53685db74cc,probe00,alf,True,True,True,2
b22f694e-4a34-4142-ab9d-2556c3487086,8b735d77-b77b-4243-8821-37802bf402fe,probe01,alf,True,True,True,3
872ce8ff-9fb3-485c-be00-bc5479e0095b,0a0184b3-9e1a-4c36-98f4-00ae3beb8f01,probe00,alf,True,True,True,2
872ce8ff-9fb3-485c-be00-bc5479e0095b,625a7bc9-00cf-44f6-a508-3ed89d23ba3a,probe01,alf,True,True,True,2
1b715600-0cbc-442c-bd00-5b0ac2865de1,bbe6ebc1-d32f-42dd-a89c-211226737deb,probe01,alf,True,True,True,2
1b715600-0cbc-442c-bd00-5b0ac2865de1,f639f4f3-ac14-4114-b712-f445463597e4,probe00,alf,True,True,True,2
e45481fa-be22-4365-972c-e7404ed8ab5a,507b20cf-4ab0-4f55-9a81-88b02839d127,probe00,alf,True,True,True,2
e45481fa-be22-4365-972c-e7404ed8ab5a,f2a098e7-a67e-4125-92d8-36fc6b606c45,probe01,alf,True,True,True,2
ffef0311-8ffa-49e3-a857-b3adf6d86e12,4279e354-a6b8-4eff-8245-7c8723b07834,probe00,alf,True,True,True,2
78b4fff5-c5ec-44d9-b5f9-d59493063f00,19c5b0d5-a255-47ff-9f8d-639e634a7b61,probe01,alf,True,True,True,2
78b4fff5-c5ec-44d9-b5f9-d59493063f00,1ca6cd06-1ed5-45af-b73a-017d5e7cff48,probe00,alf,True,True,True,2
196a2adf-ff83-49b2-823a-33f990049c2e,0259543e-1ca3-48e7-95c9-53f9e4c9bfcc,probe00,alf,True,True,True,2
196a2adf-ff83-49b2-823a-33f990049c2e,e92f8734-2c06-4168-9271-d00b3bf57c02,probe01,alf,True,True,True,2
6b0b5d24-bcda-4053-a59c-beaa1fe03b8f,3282a590-8688-44fc-9811-cdf8b80d9a80,probe00,alf,True,True,True,2
6b0b5d24-bcda-4053-a59c-beaa1fe03b8f,ff5fceaf-8247-42ab-a187-f7876441899d,probe01,alf,True,True,True,2
752456f3-9f47-4fbf-bd44-9d131c0f41aa,100433fa-2c59-4432-8295-aa27657fe3fb,probe00,alf,True,True,True,2
752456f3-9f47-4fbf-bd44-9d131c0f41aa,d591a59c-b49b-46ba-a914-df379ada9813,probe01,alf,True,True,True,2
3f859b5c-e73a-4044-b49e-34bb81e96715,6b6af675-e1ef-43a6-b408-95cfc71fe2cc,probe01,alf,True,True,True,2
3f859b5c-e73a-4044-b49e-34bb81e96715,b2ea68e2-c732-4d17-8166-1a8595fff225,probe00,alf,True,True,True,2
c8d46ee6-eb68-4535-8756-7c9aa32f10e4,49a86b2e-3db4-42f2-8da8-7ebb7e482c70,probe00,alf,True,True,True,2
1b9e349e-93f2-41cc-a4b5-b212d7ddc8df,1c4e2ebd-59da-4527-9700-b4b2dad6dfb2,probe00,alf,True,True,True,2
1b9e349e-93f2-41cc-a4b5-b212d7ddc8df,3c283107-7012-48fc-a6c2-ed096b23974f,probe01,alf,True,True,True,2
f819d499-8bf7-4da0-a431-15377a8319d5,4ea45238-55b1-4d54-ba92-efa47feb9f57,probe00,alf,True,True,True,2
f819d499-8bf7-4da0-a431-15377a8319d5,d4291925-ad00-47fe-baaf-3fdff0991e86,probe01,alf,True,True,True,2
8928f98a-b411-497e-aa4b-aa752434686d,ad714133-1e03-4d3a-8427-33fc483daf1a,probe01,alf,True,True,True,3
8928f98a-b411-497e-aa4b-aa752434686d,d7ec0892-0a6c-4f4f-9d8f-72083692af5c,probe00,alf,True,True,True,2
446f4724-1690-49f9-819a-2bd8e2ea88ce,be9a2119-a4d7-4e62-82a1-b1a6623ecc99,probe00,alf,True,True,True,2
a2701b93-d8e1-47e9-a819-f1063046f3e7,f336f6a4-f693-4b88-b12c-c5cf0785b061,probe00,alf,True,True,True,2
0f25376f-2b78-4ddc-8c39-b6cdbe7bf5b9,44fc463b-405f-4048-9242-ac018b9f50f7,probe00,alf,True,True,True,2
ee13c19e-2790-4418-97ca-48f02e8013bb,818d2996-766a-4fd9-82b8-7e4cb080af0e,probe00,alf,True,True,True,2
db4df448-e449-4a6f-a0e7-288711e7a75a,febb430e-2d50-4f83-87a0-b5ffbb9a4943,probe00,alf,True,True,True,3
3dd347df-f14e-40d5-9ff2-9c49f84d2157,1a166c4f-4c53-422e-8473-b3cff85e6750,probe00,alf,True,True,True,2
3c851386-e92d-4533-8d55-89a46f0e7384,c16b8e98-100f-40ce-b417-b1524c7e1270,probe00,alf,True,True,True,2
158d5d35-a2ab-4a76-87b0-51048c5d5283,b76f24ea-95b1-4a0e-95eb-9c39b1283c40,probe00,alf,True,True,True,2
30e5937e-e86a-47e6-93ae-d2ae3877ff8e,07abb39b-063b-4ef8-b3ab-963c6a1b5cc5,probe00,alf,True,True,True,2
413a6825-2144-4a50-b3fc-cf38ddd6fd1a,b9b101cf-24d3-4c2a-8464-bc91b9f0c767,probe00,alf,True,True,True,2
a19c7a3a-7261-42ce-95d5-1f4ca46007ed,c6ba6f8e-c13e-410f-b7df-e193ba0d239d,probe00,alf,True,True,True,2
e5c772cd-9c92-47ab-9525-d618b66a9b5d,9373cd09-a591-42be-9343-ed6f06b7056d,probe00,alf,True,True,True,2
6668c4a0-70a4-4012-a7da-709660971d7a,63679ae2-6c87-495b-b888-a7273e545636,probe00,alf,True,True,True,2
4fa70097-8101-4f10-b585-db39429c5ed0,c2363000-27a6-461e-940b-15f681496ed8,probe00,alf,True,True,True,3
90d1e82c-c96f-496c-ad4e-ee3f02067f25,b40d8c65-7ee8-4069-8b64-1a3f7907742f,probe00,alf,True,True,True,3
bb6a5aae-2431-401d-8f6a-9fdd6de655a9,ccb501d1-a4fa-41c6-819e-54aaf74d439d,probe00,alf,True,True,True,2
931a70ae-90ee-448e-bedb-9d41f3eda647,eb99c2c8-e614-4240-931b-169bed23e9f5,probe00,alf,True,True,True,2
02fbb6da-3034-47d6-a61b-7d06c796a830,2aea57ac-d3d0-4a09-b6fa-0aa9d58d1e11,probe00,alf,True,True,True,2
7bee9f09-a238-42cf-b499-f51f765c6ded,26118c10-35dd-4ab1-9f0f-b9a89a1da070,probe00,alf,True,True,True,3
36280321-555b-446d-9b7d-c2e17991e090,898f8971-31e9-4fdb-b66e-2ae6d3a33a5b,probe00,alf,True,True,True,2
741979ce-3f10-443a-8526-2275620c8473,b7612153-372f-415a-9770-7101fbbbdc59,probe00,alf,True,True,True,2
cf43dbb1-6992-40ec-a5f9-e8e838d0f643,0e8d3cb3-2e4c-47a0-8bb4-65d2cc3161c6,probe00,alf,True,True,True,2
2f63c555-eb74-4d8d-ada5-5c3ecf3b46be,0925fb1b-cf83-4f55-bfb7-aa52f993a404,probe00,alf,True,True,True,2
9a629642-3a9c-42ed-b70a-532db0e86199,9f78a787-c6d5-4e51-b4fb-1552e81eccd5,probe00,alf,True,True,True,2
e535fb62-e245-4a48-b119-88ce62a6fe67,5c278ffe-6452-4c36-b17f-2050c74e13b1,probe01,alf,True,True,True,2
e535fb62-e245-4a48-b119-88ce62a6fe67,c4f6665f-8be5-476b-a6e8-d81eeae9279d,probe00,alf,True,True,True,3
f25642c6-27a5-4a97-9ea0-06652db79fbd,57acb640-4f64-4a89-bedf-69351a3aea75,probe01,alf,True,True,True,2
f25642c6-27a5-4a97-9ea0-06652db79fbd,bebe7c8f-0f34-4c3a-8fbb-d2a5119d2961,probe00,alf,True,True,True,3
4720c98a-a305-4fba-affb-bbfa00a724a4,4755877d-fd14-42b3-bc15-e1996d153015,probe01,alf,True,True,True,2
4720c98a-a305-4fba-affb-bbfa00a724a4,695476f6-4c14-4a2f-b658-948514629079,probe00,alf,True,True,True,2
7622da34-51b6-4661-98ae-a57d40806008,4f46198d-c54d-4627-9e4e-3c8fd4c3c070,probe01,alf,True,True,True,2
7622da34-51b6-4661-98ae-a57d40806008,af775340-53d0-43cd-9cda-48e32b95adca,probe00,alf,True,True,True,2
b658bc7d-07cd-4203-8a25-7b16b549851b,b910cbe2-0c68-40b2-b9f1-268e7c28320a,probe01,alf,True,True,True,2
b658bc7d-07cd-4203-8a25-7b16b549851b,ecde7e20-f135-47dd-8f96-adac49e4942e,probe00,alf,True,True,True,2
bd456d8f-d36e-434a-8051-ff3997253802,091392a5-73f6-40f3-8552-fa917cf96deb,probe01,alf,True,True,True,2
bd456d8f-d36e-434a-8051-ff3997253802,d258bca2-bf18-4491-8d57-5322f705caec,probe00,alf,True,True,True,2
ee8b36de-779f-4dea-901f-e0141c95722b,1ef94d02-d51a-491f-a313-1bb5238d6b8b,probe01,alf,True,True,True,2
ee8b36de-779f-4dea-901f-e0141c95722b,b375a0ee-4c5a-4a53-9cea-d753f206e5c5,probe00,alf,True,True,True,2
b39752db-abdb-47ab-ae78-e8608bbf50ed,954b1983-e603-4611-ba15-dc2db6f988ab,probe00,alf,True,True,True,2
b39752db-abdb-47ab-ae78-e8608bbf50ed,d1af1003-247b-4f76-988f-d55cbb72aa80,probe01,alf,True,True,True,2
5339812f-8b91-40ba-9d8f-a559563cc46b,03c42ea1-1e04-4a3e-9b04-46d8568dcd02,probe01,alf,True,True,True,2
5339812f-8b91-40ba-9d8f-a559563cc46b,95fd67e6-cbff-4356-80c7-5a03b1bf6b8a,probe00,alf,True,True,True,2
d23a44ef-1402-4ed7-97f5-47e9a7a504d9,ce99545f-c6a5-4d53-8b68-0ceb78bd942e,probe01,alf,True,True,True,2
d23a44ef-1402-4ed7-97f5-47e9a7a504d9,dab512bd-a02d-4c1f-8dbc-9155a163efc0,probe00,alf,True,True,True,2
c3d9b6fb-7fa9-4413-a364-92a54df0fc5d,cab81176-36cd-4c37-9353-841e85027d36,probe00,alf,True,True,True,2
c3d9b6fb-7fa9-4413-a364-92a54df0fc5d,d06f4b61-42c1-4a8d-a2a5-c1cf8f7d0e47,probe01,alf,True,True,True,3
aa20388b-9ea3-4506-92f1-3c2be84b85db,19c9caea-2df8-4097-92f8-0a2bad055948,probe01,alf,True,True,True,2
aa20388b-9ea3-4506-92f1-3c2be84b85db,c2184312-2421-492b-bbee-e8c8e982e49e,probe00,alf,True,True,True,2
251ece37-7798-477c-8a06-2845d4aa270c,11f70c37-a546-439a-9fb7-da6b6ebfb0cb,probe01,alf,True,True,True,2
251ece37-7798-477c-8a06-2845d4aa270c,bdb2ec51-d948-4428-b2cc-2c6cd5bf5fe3,probe00,alf,True,True,True,2
54238fd6-d2d0-4408-b1a9-d19d24fd29ce,94fcff55-2da2-4366-a2c7-2f58c05b54dc,probe01,alf,True,True,True,2
54238fd6-d2d0-4408-b1a9-d19d24fd29ce,f26a6ab1-7e37-4f8d-bb50-295c056e1062,probe00,alf,True,True,True,5
e8b4fda3-7fe4-4706-8ec2-91036cfee6bd,a6fe3779-2b77-4b66-a625-a6078720e412,probe00,alf,True,True,True,7
e8b4fda3-7fe4-4706-8ec2-91036cfee6bd,fb0de39b-c750-4adc-af18-12bf8a22ed41,probe01,alf,True,True,True,2
cde63527-7f5a-4cc3-8ac2-215d82e7da26,19e0bf1e-018e-40cb-9acd-af8f0f66bd4a,probe00,alf,True,True,True,3
cde63527-7f5a-4cc3-8ac2-215d82e7da26,ecd07b7e-6450-4e31-bef1-f195129eb3d3,probe01,alf,True,True,True,2
4a45c8ba-db6f-4f11-9403-56e06a33dfa4,63517fd4-ece1-49eb-9259-371dc30b1dd6,probe00,alf,True,True,True,2
4a45c8ba-db6f-4f11-9403-56e06a33dfa4,ca5404f7-297c-40f1-bbf0-5ac0a63e24f8,probe01,alf,True,True,True,2
f7335a49-4a98-46d2-a8ce-d041d2eac1d6,1ff5ce1f-5500-444b-ad5f-70f90dd22ac3,probe00,alf,True,True,True,2
f7335a49-4a98-46d2-a8ce-d041d2eac1d6,6d24683c-da42-4610-baf0-7ceee7014394,probe01,alf,True,True,True,2
9eec761e-9762-4897-b308-a3a08c311e69,6aa08c75-8ee5-457d-9794-b89ee1c4453f,probe00,alf,True,True,True,2
9eec761e-9762-4897-b308-a3a08c311e69,c250d4f4-7516-4cf1-a8bd-04873ca9e21c,probe01,alf,True,True,True,2
9fe512b8-92a8-4642-83b6-01158ab66c3c,a3ebc7f4-813a-4f06-a33e-9825c878f9c2,probe01,alf,True,True,True,2
9fe512b8-92a8-4642-83b6-01158ab66c3c,a4d9d9d5-6ea3-4234-aa28-e064e83626fa,probe00,alf,True,True,True,2
26aa51ff-968c-42e4-85c8-8ff47d19254d,25a9182c-4795-4768-af47-98975d2d2a8a,probe01,alf,True,True,True,2
26aa51ff-968c-42e4-85c8-8ff47d19254d,ba291bec-4492-4d7f-a6aa-483ebb64b3c3,probe00,alf,True,True,True,2
e012d3e3-fdbc-4661-9ffa-5fa284e4e706,2400a2fa-0335-480b-ac8d-a478171f3a55,probe00,alf,True,True,True,2
e012d3e3-fdbc-4661-9ffa-5fa284e4e706,cde137a5-7a93-4968-ab61-5aedbd9ce3fb,probe01,alf,True,True,True,2
948fd27b-507b-41b3-bdf8-f9f5f0af8e0b,41dc1107-fbcb-4174-a262-19928c355018,probe01,alf,True,True,True,2
948fd27b-507b-41b3-bdf8-f9f5f0af8e0b,b939cc85-6028-404a-995d-28c8405a07db,probe00,alf,True,True,True,2
2e22c1fc-eec6-4856-85a0-7dba8668f646,779fbed1-4b0e-4d7d-8882-6650690221a0,probe01,alf,True,True,True,2
2e22c1fc-eec6-4856-85a0-7dba8668f646,bfda40f8-a7a7-47cd-a439-39fb5cd7873f,probe00,alf,True,True,True,2
64977c74-9c04-437a-9ea1-50386c4996db,6292dc98-e2f1-45de-b045-56d98fdaca75,probe00,alf,True,True,True,2
9a6e127b-bb07-4be2-92e2-53dd858c2762,e5bc1f00-f4b8-4b35-a9b6-60d9cc7959a1,probe00,alf,True,True,True,2
09156021-9a1d-4e1d-ae59-48cbde3c5d42,9e069684-a4be-4b70-b9e6-446309f977d4,probe00,alf,True,True,True,2
90e524a2-aa63-47ce-b5b8-1b1941a1223a,c736dc60-0726-410d-8419-cb6ea025d5b1,probe00,alf,True,True,True,2
1d4a7bd6-296a-48b9-b20e-bd0ac80750a5,09b62a15-dd8b-4f47-881f-d3f1e5ea5ff4,probe00,alf,True,True,True,2
58c4bf97-ec3b-45b4-9db4-d5d9515d5b00,46cd9c0a-39de-4aeb-90a6-86a2fda0b1a4,probe00,alf,True,True,True,2
10fac7a1-919d-4ca7-83c4-4675bd8d9416,594664af-9033-4651-861d-2be9277c9866,probe00,alf,True,True,True,2
8b1f4024-3d96-4ee7-95f9-8a1dfd4ce4ef,81f0087b-2bd1-4e48-8e86-e8206aee3d9d,probe00,alf,True,True,True,2
68775ca0-b056-48d5-b6ae-a4c2a76ae48f,a6bcfe32-69ce-414f-80bc-495d1b4906af,probe00,alf,True,True,True,4
f27e6cd6-cdd3-4524-b8e3-8146046e2a7d,e8901184-9f60-4309-bee5-c3c95030550a,probe00,alf,True,True,True,4
d71e565d-4ddb-42df-849e-f99cfdeced52,a44bd77c-de9c-49cc-85e5-354aa9f1eb98,probe00,alf,True,True,True,3
d71e565d-4ddb-42df-849e-f99cfdeced52,c3ef78d5-7c75-48a4-96b7-f8ecc91c2eca,probe01,alf,True,True,True,2
1b61b7f2-a599-4e40-abd6-3e758d2c9e25,2cbb5bc7-edbd-431e-a931-21e466d20dec,probe00,alf,True,True,True,2
cea755db-4eee-4138-bdd6-fc23a572f5a1,3c9c3757-32dd-40cf-83ec-5e21731ce9c5,probe00,alf,True,True,True,3
30af8629-7b96-45b7-8778-374720ddbc5e,1878c999-d523-474a-9d4e-8dde53d7324c,probe00,alf,True,True,True,2
283ecb4c-e529-409c-9f0a-8ea5191dcf50,80c7f589-733c-4f23-abf3-ade8c79f0a3b,probe00,alf,True,True,True,2
6bf810fd-fbeb-4eea-9ea7-b6791d002b22,234c9e15-79a4-4e8a-8263-8b06cfbcbe7d,probe00,alf,True,True,True,2
bd07e3a7-09c3-4b67-996b-42b6d5cedf1c,6104a953-589c-4661-bed9-a81ccef7d0be,probe00,alf,True,True,True,2
c16d3557-b2c1-4545-93d0-112ac0915d93,a21bade7-5be7-4a17-a9b9-ddee453e6260,probe00,alf,True,True,True,2
2038e95d-64d4-4ecb-83d0-1308d3c598f8,1a924329-65aa-465d-b201-c2dd898aebd0,probe00,alf,True,True,True,3
500a71dd-8768-4211-a1fe-1fafc9fcbf29,5eebb5d6-cf9b-49a0-b297-0701c4d90173,probe00,alf,True,True,True,2
61caa69d-088b-465a-b9d0-d75341dabac6,6981808a-357c-4ffd-9989-33160ba9e256,probe00,alf,True,True,True,2
233617ec-c5cf-4eda-afc8-3b1d94f36d73,5bfcf68f-4e0b-46f8-a9e3-8e919d5ddd1c,probe00,alf,True,True,True,2
ef38e503-dd79-4185-bf87-4712d4f274fe,379105fd-dbb1-40d9-8a51-ae5a8ef8df04,probe00,alf,True,True,True,2
fbd28ea6-3251-48e0-b215-2c51ec5185f7,fd6d686b-eae1-44cb-adbb-159c69c85827,probe00,alf,True,True,True,3
9fcbd1a0-77e6-4c41-9428-eeaee74becd5,9866c08f-acce-4291-b94d-d9835e62f835,probe00,alf,True,True,True,3
c23b4118-db40-4333-af1d-933154b533c6,32e30a72-5f18-4aff-81c3-4553531b2d75,probe00,alf,True,True,True,3
c8e11fd8-d130-4f06-abba-9aa20240ce7c,623bb859-eb7c-4739-ba18-28ecad1d9fbb,probe00,alf,True,True,True,3
62902992-8432-46fb-af12-6392012e58c7,edc82c06-83fd-44be-a41e-52fdeea728b4,probe00,alf,True,True,True,2
4546cd60-fa2a-4d20-a9b6-d091e01d16f2,a464fc97-1391-4bbe-9aef-73a79975d27f,probe00,alf,True,True,True,2
cef05f87-161b-4031-932c-6f47daf89698,c1014051-d06b-4f85-9887-e7c42a94baf2,probe00,alf,True,True,True,2
75db708a-9952-4452-a5b1-a851d88f8e28,f2803f8c-a37b-42dd-9f20-84bdc90b21e2,probe00,alf,True,True,True,2
7f150b7c-c261-46e6-9edb-cc391c9d9f03,0ffa052a-fe3f-46c2-999d-43bd56b7826e,probe00,alf,True,True,True,2
837b4e6a-ccfd-49b0-a1dd-3aa53fbf2ecb,d3deaed9-34b7-41da-bd62-961750cb9ca0,probe00,alf,True,True,True,2
9fc31d79-b56f-46d0-92a0-e9563caf4a7a,b8f3a7c3-b700-446b-8d29-69691c0e3b1d,probe00,alf,True,True,True,2
a34b4013-414b-42ed-9318-e93fbbc71e7b,22f26d69-0b30-450e-9618-ee801b720e0a,probe00,alf,True,True,True,2
49250fba-801c-4867-a0a7-a1e19538cb61,a6b71993-165b-4c43-845c-c062fe7d7a11,probe00,alf,True,True,True,2
2ab7d2c2-bcb7-4ae6-9626-f3786c22d970,c44adf4f-3d1c-491f-88e4-c516cc910bd8,probe00,alf,True,True,True,4
94dabed1-741c-4ddd-a6b7-70561e27b750,ec2fbc3e-cb2b-48cb-a521-3a6ca15e244c,probe00,alf,True,True,True,2
be164a14-6e73-42c3-ab60-d29c48693c0f,77121d92-6dde-4243-ab54-0a99efa22e99,probe00,alf,True,True,True,3
37ac03f1-9831-4a30-90fc-a59e635b98bd,8b31b4bd-003e-4816-a3bf-2df4cc3558f8,probe00,alf,True,True,True,2
87ad026d-5b95-4022-8d59-c260870d830f,4f922a5b-5014-455d-8cd5-7caed78af615,probe00,alf,True,True,True,2
3bb54985-77b2-421d-9d1f-46185be51216,81950362-ed95-4662-997f-e119bbd594d1,probe00,alf,True,True,True,2
6cbeead9-bb7a-40e1-8ccd-47ae60239654,0a85a28b-e9e3-44ec-ad4d-88ba9116ff63,probe00,alf,True,True,True,3
a2b9fbbe-79fc-4166-a16e-b307813a2f06,d552cffa-b662-40bd-b1e3-98d0a8face2c,probe00,alf,True,True,True,2
5437ec1f-6535-470c-80b8-4c8806ee085d,b9faf068-fd1c-4568-8a1a-f503eed6f726,probe00,alf,True,True,True,2
36573e0b-ddd6-4504-94ec-9a23c877486c,f72e60c3-3593-466a-afaf-91145c44fb2b,probe00,alf,True,True,True,2
04749a70-ac63-477d-8392-d4d529184fab,a44a9942-0667-4d49-9047-40d2256c9854,probe00,alf,True,True,True,2
d23b005f-46f5-4fe1-870c-f55f6eb9533d,d70f3604-b3cc-41b0-967a-f6619b2586a7,probe00,alf,True,True,True,3
7235b10c-6621-44ea-abe9-01559633472d,a450558e-195f-44ff-979b-6b6420c9621b,probe00,alf,True,True,True,3
fd03d365-91df-41e2-ad81-9e0e4b9f5c7b,e033ef96-3590-4e52-bb01-6c6d75bab083,probe00,alf,True,True,True,2
62ff920c-2fdd-4feb-9d9f-0d66f2e595a1,31258665-fbe8-4599-9c5f-dbc0eeee9c51,probe00,alf,True,True,True,2
14127fdb-2e66-4823-b124-f49c128ba94d,0a45a464-a909-4b7c-a3e0-cd6cfb4262e4,probe00,alf,True,True,True,2
7eeb8423-49e6-4d40-ab6f-703d17af231a,88e148d2-d554-42c2-9c41-cc6369f98c45,probe00,alf,True,True,True,2
6ab9d98c-b1e9-4574-b8fe-b9eec88097e0,e4ce2e94-6fb9-4afe-acbf-6f5a3498602e,probe00,alf,True,True,True,2
37bbc17f-8dec-4fa8-97fd-e23a5c6bad1f,567b4da5-6ee6-4300-9f40-442930c2b1ca,probe00,alf,True,True,True,3
0cf6d255-8f2f-463e-84fb-c54bacb79f51,c5b9e063-f640-4936-b851-f7602cb6659b,probe00,alf,True,True,True,3
c02e5155-8e8f-427e-873d-d61490bbb9c3,e089d4d9-0a74-4ebc-951d-67098305e06b,probe00,alf,True,True,True,3
98e0074c-706a-40e5-bbb5-223f97585a99,0566938b-245d-4e5f-89ee-59d53a44f065,probe01,alf,True,True,True,2
98e0074c-706a-40e5-bbb5-223f97585a99,47403ac7-6635-4477-9477-18ff605ff5d4,probe00,alf,True,True,True,5
e6de6c35-1508-4471-b7c3-f12a5c7a6d39,7cb5128d-aaf5-4859-a236-527bff0f3c76,probe00,alf,True,True,True,2
1dbba733-24a4-4400-9436-53f1bd8428e8,22609d51-0a6a-425d-a3ef-eeb43a9ba350,probe01,alf,True,True,True,2
1dbba733-24a4-4400-9436-53f1bd8428e8,ec1e2af7-c107-4a18-ab05-cefb9174d516,probe00,alf,True,True,True,2
2584ce3c-db10-4076-89cb-5d313138dd38,b114e7e0-92b3-43bb-9529-53860e52606d,probe00,alf,True,True,True,5
e6bdb1f4-b0bf-4451-8f23-4384f2102f91,a91e4882-d3aa-4339-8b14-e94fa419f328,probe00,alf,True,True,True,2
66d98e6e-bcd9-4e78-8fbb-636f7e808b29,4f10fbb7-57be-427b-bb1d-a19bd31dc27b,probe00,alf,True,True,True,2
f9860a11-24d3-452e-ab95-39e199f20a93,b73ef9cf-462c-4de3-ae61-5907790ebd0e,probe00,alf,True,True,True,2
f9860a11-24d3-452e-ab95-39e199f20a93,df7d2ca7-068b-4df2-9782-8f6bb7d67f18,probe01,alf,True,True,True,2
f3ce3197-d534-4618-bf81-b687555d1883,2a7caaa4-1710-49a1-ade4-db0a986ae6f5,probe01,alf,True,True,True,2
6f09ba7e-e3ce-44b0-932b-c003fb44fb89,bef552f5-efd8-4e98-8467-d54ac7c4ef41,probe00,alf,True,True,True,2
6f09ba7e-e3ce-44b0-932b-c003fb44fb89,c17772a9-21b5-49df-ab31-3017addea12e,probe01,alf,True,True,True,2
695a6073-eae0-49e0-bb0f-e9e57a9275b9,3530526e-e690-4222-878f-0f9f401fa759,probe00,alf,True,True,True,2
695a6073-eae0-49e0-bb0f-e9e57a9275b9,b1455ca8-3999-4eb8-9e1e-5c8d0d2e5719,probe01,alf,True,True,True,4
6fb1e12c-883b-46d1-a745-473cde3232c8,55423355-281c-41f2-8ef7-5aa098ffbbed,probe00,alf,True,True,True,2
88d24c31-52e4-49cc-9f32-6adbeb9eba87,3fd2d2b3-9415-4b6e-b392-40427fb1c388,probe00,alf,True,True,True,2
c6db3304-c906-400c-aa0f-45dd3945b2ea,1e104bf4-7a24-4624-a5b2-c2c8289c0de7,probe00,alf,True,True,True,2
4ecb5d24-f5cc-402c-be28-9d0f7cb14b3a,6638cfb3-3831-4fc2-9327-194b76cf22e1,probe01,alf,True,True,True,2
4ecb5d24-f5cc-402c-be28-9d0f7cb14b3a,da8dfec1-d265-44e8-84ce-6ae9c109b8bd,probe00,alf,True,True,True,3
dac3a4c1-b666-4de0-87e8-8c514483cacf,6fc4d73c-2071-43ec-a756-c6c6d8322c8b,probe01,alf,True,True,True,2
dac3a4c1-b666-4de0-87e8-8c514483cacf,eb04cc7c-7c10-4e7f-8593-9c3b9b6986f5,probe00,alf,True,True,True,2
875c1e5c-f7ec-45ac-ab82-ecfe7276a707,b33e4298-a735-4781-8dea-d7203b4137fb,probe00,alf,True,True,True,2
875c1e5c-f7ec-45ac-ab82-ecfe7276a707,d151b391-e6e4-4daf-bd9c-191f4ad837b4,probe01,alf,True,True,True,2
81a1dca0-cc90-47c5-afe3-c277319c47c8,0f306cdc-878a-4ea0-9e91-b97736731637,probe01,alf,True,True,True,2
81a1dca0-cc90-47c5-afe3-c277319c47c8,8386f396-0a69-48b5-98d4-18801066ea76,probe00,alf,True,True,True,2
493170a6-fd94-4ee4-884f-cc018c17eeb9,31d8dfb1-71fd-4c53-9229-7cd48bee07e4,probe01,alf,True,True,True,2
493170a6-fd94-4ee4-884f-cc018c17eeb9,68f5f1e4-5e88-4aa5-8a1a-94b691adb11e,probe00,alf,True,True,True,2
360eac0c-7d2d-4cc1-9dcf-79fc7afc56e7,02328ef5-47d4-4690-b020-04b6315aa2d6,probe00,alf,True,True,True,3
360eac0c-7d2d-4cc1-9dcf-79fc7afc56e7,06c6741e-9f2a-4114-8ca9-0dc5ccc951e6,probe01,alf,True,True,True,2
d7e60cc3-6020-429e-a654-636c6cc677ea,6efc58a4-e1cd-4eca-9205-7e4898cc1f8b,probe01,alf,True,True,True,3
d7e60cc3-6020-429e-a654-636c6cc677ea,8ee585ba-d055-4bb5-bc5f-2266a3d62bf4,probe00,alf,True,True,True,2
f4ffb731-8349-4fe4-806e-0232a84e52dd,367ea4c4-d1b7-47a6-9f18-5d0df9a3f4de,probe01,alf,True,True,True,2
a4747ac8-6a75-444f-b99b-696fff0243fd,9b3ad89a-177f-4242-9a96-2fd98721e47f,probe00,alf,True,True,True,2
c4432264-e1ae-446f-8a07-6280abade813,63a32e5c-f63a-450d-85cb-140947b67eaf,probe00,alf,True,True,True,2
c4432264-e1ae-446f-8a07-6280abade813,dce4e63f-7ece-4dae-bd6e-5b116c2fbe37,probe01,alf,True,True,True,2
9e9c6fc0-4769-4d83-9ea4-b59a1230510e,6eb8be8d-d089-43c6-b2e4-a6558ca16dcf,probe00,alf,True,True,True,2
09b2c4d1-058d-4c84-9fd4-97530f85baf6,784c5282-2749-48ca-b211-100d0b24e29b,probe01,alf,True,True,True,2
09b2c4d1-058d-4c84-9fd4-97530f85baf6,b78b3c42-eee5-47c6-9717-743b78c0b721,probe00,alf,True,True,True,2
5d6aa933-4b00-4e99-ae2d-5003657592e9,61ed1a53-2f33-4a83-82ba-ec7dfa65bf60,probe01,alf,True,True,True,2
5d6aa933-4b00-4e99-ae2d-5003657592e9,6728ddac-63ba-4e63-9884-395c7c16c7a3,probe00,alf,True,True,True,3
63f3dbc1-1a5f-44e5-98dd-ce25cd2b7871,bbf6a51e-2999-4982-803f-8769db095dd2,probe00,alf,True,True,True,2
746d1902-fa59-4cab-b0aa-013be36060d5,39883ded-f5a2-4f4f-a98e-fb138eb8433e,probe01,alf,True,True,True,3
746d1902-fa59-4cab-b0aa-013be36060d5,e31b4e39-e350-47a9-aca4-72496d99ff2a,probe00,alf,True,True,True,2
5b609f9b-75cb-43d3-9c39-b5b4b7a0db67,2d544e7f-c8af-46b5-aaa0-caf0ad4d63a1,probe00,alf,True,True,True,2
5b609f9b-75cb-43d3-9c39-b5b4b7a0db67,64f4afa4-ec5f-4ad6-ab28-415a9a8098ed,probe01,alf,True,True,True,2
56bc129c-6265-407a-a208-cc16d20a6c01,64aadf54-d662-4934-8c08-cad14ee5b69f,probe00,alf,True,True,True,2
1a507308-c63a-4e02-8f32-3239a07dc578,7be00744-2e27-4062-8f56-3969e24e9990,probe00,alf,True,True,True,2
1a507308-c63a-4e02-8f32-3239a07dc578,834fca72-0b69-44e4-b77e-95a61290b50d,probe01,alf,True,True,True,2
f5591ac5-311d-4fa8-9bad-029d7be9c491,05ccc92c-fcb0-4e92-84d3-de033890c7a8,probe00,alf,True,True,True,2
ab8a0899-a59f-42e4-8807-95b14056104b,8ac7e5d5-57a4-41c8-a35d-8195784bfe95,probe00,alf,True,True,True,2
71e03be6-b497-4991-a121-9416dcc1a6e7,be76cfe3-b2bb-4358-956b-0fad07215972,probe00,alf,True,True,True,3
d0ea3148-948d-4817-94f8-dcaf2342bbbe,36362f75-96d8-4ed4-a728-5e72284d0995,probe00,alf,True,True,True,2
4aa1d525-5c7d-4c50-a147-ec53a9014812,fddceb2e-82ba-493d-baba-c5d8af65981f,probe00,alf,True,True,True,2
9b5a1754-ac99-4d53-97d3-35c2f6638507,c2ebf259-9777-4a8f-b1de-5302776961d2,probe00,alf,True,True,True,2
2c44a360-5a56-4971-8009-f469fb59de98,688606f8-9733-46f2-8331-b2dd84c5d385,probe01,alf,True,True,True,3
2c44a360-5a56-4971-8009-f469fb59de98,eab03c6e-bf98-48d2-8a0c-1887f34dd554,probe00,alf,True,True,True,2
3f6e25ae-c007-4dc3-aa77-450fd5705046,be95fb3b-d607-409a-968e-98a3e9bcb577,probe00,alf,True,True,True,2
113c5b6c-940e-4b21-b462-789b4c2be0e5,af2a0072-e17e-4368-b80b-1359bf6d4647,probe00,alf,True,True,True,2
0b7ee1b6-42db-46cd-a465-08f531366187,b8dbd3af-a589-41e4-878c-3372eaa1a8f6,probe00,alf,True,True,True,2
a4a74102-2af5-45dc-9e41-ef7f5aed88be,0b8ea3ec-e75b-41a1-9442-64f5fbc11a5a,probe00,alf,True,True,True,2
a4a74102-2af5-45dc-9e41-ef7f5aed88be,a5f2ec22-0ff3-4249-bd2f-6247c3990e53,probe01,alf,True,True,True,2
72cb5550-43b4-4ef0-add5-e4adfdfb5e02,5a4740a3-8e93-495d-b6cf-83dccba01d7a,probe01,alf,True,True,True,2
72cb5550-43b4-4ef0-add5-e4adfdfb5e02,f4bd76a6-66c9-41f3-9311-6962315f8fc8,probe00,alf,True,True,True,3
d0c91c3c-8cbb-4929-8657-31f18bffc294,664de6d9-bba2-424b-b76c-bb61900c015f,probe00,alf,True,True,True,2
6f6d2c8e-28be-49f4-ae4d-06be2d3148c1,adcd791c-ead3-4572-a9cb-028bbee1d2e4,probe00,alf,True,True,True,2
88224abb-5746-431f-9c17-17d7ef806e6a,523f8301-4f56-4faf-ab33-a9ff11331118,probe00,alf,True,True,True,2
88224abb-5746-431f-9c17-17d7ef806e6a,ae03524f-e493-4077-99b1-588244de9a98,probe01,alf,True,True,True,2
7cec9792-b8f9-4878-be7e-f08103dc0323,e17db2b6-b778-4e2a-845c-c4d040b0c875,probe00,alf,True,True,True,4
0802ced5-33a3-405e-8336-b65ebc5cb07c,3eb6e6e0-8a57-49d6-b7c9-f39d5834e682,probe01,alf,True,True,True,2
0802ced5-33a3-405e-8336-b65ebc5cb07c,7d999a68-0215-4e45-8e6c-879c6ca2b771,probe00,alf,True,True,True,2
239dd3c9-35f3-4462-95ee-91b822a22e6b,1f5d62cb-814f-4ab2-b6af-7557ea04d56a,probe00,alf,True,True,True,2
239dd3c9-35f3-4462-95ee-91b822a22e6b,e40193d5-8158-40a1-924b-5a01ed2565dc,probe01,alf,True,True,True,2
9dd72e52-5393-4c08-9eca-f7dace2e59f6,9861fa24-d998-4ef5-9606-89002b8706fc,probe01,alf,True,True,True,2
dd4da095-4a99-4bf3-9727-f735077dba66,5a34d971-1cb3-4f0e-8dfe-e51e2313a668,probe01,alf,True,True,True,2
dd4da095-4a99-4bf3-9727-f735077dba66,8f2e16c4-893b-4f8f-bfb2-94fa452710ec,probe00,alf,True,True,True,2
e5fae088-ed96-4d9b-82f9-dfd13c259d52,071f02e7-752a-4094-af79-8dd764e9d85d,probe00,alf,True,True,True,2
21e16736-fd59-44c7-b938-9b1333d25da8,e8f9fba4-d151-4b00-bee7-447f0f3e752c,probe00,alf,True,True,True,2
53738f95-bd08-4d9d-9133-483fdb19e8da,31f0400a-71f5-436c-ada4-dce50627dc73,probe00,alf,True,True,True,2
d33baf74-263c-4b37-a0d0-b79dcb80a764,2ce1d485-ebce-41a2-a5ce-aa109d5a13a3,probe00,alf,True,True,True,4
d33baf74-263c-4b37-a0d0-b79dcb80a764,ca073754-be17-43b7-a38a-0c1e5563ff32,probe01,alf,True,True,True,3
259927fd-7563-4b03-bc5d-17b4d0fa7a55,1bf5c05b-3654-4d5c-bac9-2b96edd12adf,probe00,alf,True,True,True,2
259927fd-7563-4b03-bc5d-17b4d0fa7a55,1d237afc-ac2f-4bac-a163-a397fe09819f,probe01,alf,True,True,True,2
510b1a50-825d-44ce-86f6-9678f5396e02,38124fca-a0ac-4b58-8e8b-84a2357850e6,probe00,alf,True,True,True,2
193fe7a8-4eb5-4f3e-815a-0c45864ddd77,7beb9419-113d-4e47-938c-68ab2657031e,probe00,alf,True,True,True,2
ff4187b5-4176-4e39-8894-53a24b7cf36b,dc7e9403-19f7-409f-9240-05ee57cb7aea,probe01,alf,True,True,True,2
ff4187b5-4176-4e39-8894-53a24b7cf36b,ebd18510-c263-4d5b-a736-a588862a6972,probe00,alf,True,True,True,2
465c44bd-2e67-4112-977b-36e1ac7e3f8c,5a2f99aa-d3f5-469d-882e-0a16ee869746,probe01,alf,True,True,True,2
465c44bd-2e67-4112-977b-36e1ac7e3f8c,a6f9e4d5-5f20-4a98-9118-22187f4d230b,probe00,alf,True,True,True,2
e49d8ee7-24b9-416a-9d04-9be33b655f40,f4f45cff-c45c-413a-92ea-b6533e3e0019,probe00,alf,True,True,True,2
ee40aece-cffd-4edb-a4b6-155f158c666a,41b9162e-df67-4321-b2e6-02ff851816c5,probe01,alf,True,True,True,2
ee40aece-cffd-4edb-a4b6-155f158c666a,f03b61b4-6b13-479d-940f-d1608eb275cc,probe00,alf,True,True,True,2
f8d5c8b0-b931-4151-b86c-c471e2e80e5d,8ab470cc-de5a-4d65-92bd-9a25fbe6d07d,probe01,alf,True,True,True,2
f8d5c8b0-b931-4151-b86c-c471e2e80e5d,fe6507ed-7725-467a-9d46-1101c32df1ca,probe00,alf,True,True,True,3
cb2ad999-a6cb-42ff-bf71-1774c57e5308,55001cb4-e10f-4657-9760-1228b590a69c,probe01,alf,True,True,True,3
cb2ad999-a6cb-42ff-bf71-1774c57e5308,8f4fd564-7e34-4113-a6e4-ae40faa64f7a,probe00,alf,True,True,True,2
934dd7a4-fbdc-459c-8830-04fe9033bc28,0b877123-0902-4432-b789-c4c6cc681df4,probe00,alf,True,True,True,2
934dd7a4-fbdc-459c-8830-04fe9033bc28,af1e9dee-8c26-4b2b-ac43-358221048797,probe01,alf,True,True,True,2
fe1fd79f-b051-411f-a0a9-2530a02cc78d,7d1a2cb6-f482-4059-b596-53087caac8ec,probe00,alf,True,True,True,3
fe1fd79f-b051-411f-a0a9-2530a02cc78d,bf99284f-dc34-4652-baf1-ffaa1cc7fb05,probe01,alf,True,True,True,2
4d8c7767-981c-4347-8e5e-5d5fffe38534,749cb2b7-e57e-4453-a794-f6230e4d0226,probe01,alf,True,True,True,2
4d8c7767-981c-4347-8e5e-5d5fffe38534,ea084e63-c0cb-4e11-8440-302de8fc76ee,probe00,alf,True,True,True,2
1e45d992-c356-40e1-9be1-a506d944896f,2b3c3126-11f3-4a8e-aa44-2f965bf8ab9c,probe01,alf,True,True,True,2
1e45d992-c356-40e1-9be1-a506d944896f,76de0e1a-30aa-4713-9fe5-25ad2dff653f,probe00,alf,True,True,True,2
03063955-2523-47bd-ae57-f7489dd40f15,7bd5627e-b02e-47f1-b476-4bf8eaa726b3,probe01,alf,True,True,True,2
03063955-2523-47bd-ae57-f7489dd40f15,9915765e-ff15-4371-b1aa-c2ef1db8a254,probe00,alf,True,True,True,2
768a371d-7e88-47f8-bf21-4a6a6570dd6e,2201eb05-aebe-4bda-905e-b5cc1baf3840,probe01,alf,True,True,True,2
768a371d-7e88-47f8-bf21-4a6a6570dd6e,39180bcb-13e5-46f9-89e1-8ea2cba22105,probe00,alf,True,True,True,2
45ef6691-7b80-4a43-bd1a-85fc00851ae8,3ccb2d59-9e94-48e6-9e72-0b7b96bd3f9b,probe00,alf,True,True,True,2
45ef6691-7b80-4a43-bd1a-85fc00851ae8,578ca001-8cf5-4d30-b58f-1d574eaf808a,probe01,alf,True,True,True,2
fc14c0d6-51cf-48ba-b326-56ed5a9420c3,cb1c4327-5f5e-4286-85ed-840c85e82792,probe00,alf,True,True,True,2
7416f387-b302-4ca3-8daf-03b585a1b7ec,10f59add-706e-41d0-87ed-9a55eb138a66,probe00,alf,True,True,True,2
7416f387-b302-4ca3-8daf-03b585a1b7ec,caf2170c-5463-46ce-8cd0-66f2e1e3376d,probe01,alf,True,True,True,2
1928bf72-2002-46a6-8930-728420402e01,68f06c5f-8566-4a4f-a4b1-ab8398724913,probe01,alf,True,True,True,2
1928bf72-2002-46a6-8930-728420402e01,ee320f72-b613-4acd-b10d-3ceef332a949,probe00,alf,True,True,True,2
22e04698-b974-4805-b241-3b547dbf37bf,0143d3fe-79c2-4922-8332-62c3e4e0ba85,probe00,alf,True,True,True,2
22e04698-b974-4805-b241-3b547dbf37bf,f3988aec-b8c7-47d9-b1a0-5334eed7f92c,probe01,alf,True,True,True,3
7cb81727-2097-4b52-b480-c89867b5b34c,4b93a168-0f3b-4124-88fa-a57046ca70e1,probe01,alf,True,True,True,2
7cb81727-2097-4b52-b480-c89867b5b34c,642a3373-6fee-4f2a-b8d6-38dd42ada763,probe00,alf,True,True,True,2
f84045b0-ce09-4ace-9d11-5ea491620707,50ebb677-e4a3-4421-b74f-1997a9cd1ad1,probe00,alf,True,True,True,2
f84045b0-ce09-4ace-9d11-5ea491620707,5d9a5895-0f28-416c-a6d6-3e781658ea57,probe01,alf,True,True,True,3
239cdbb1-68e2-4eb0-91d8-ae5ae4001c7a,0685d767-80a2-49b6-a51a-0e9b1dd7a14d,probe01,alf,True,True,True,2
239cdbb1-68e2-4eb0-91d8-ae5ae4001c7a,291fcd13-b629-49c0-baf8-57ed1351050e,probe00,alf,True,True,True,2
75b6b132-d998-4fba-8482-961418ac957d,6a098711-5423-4072-8909-7cff0e2d4531,probe00,alf,True,True,True,3
75b6b132-d998-4fba-8482-961418ac957d,88fe9ed9-9e3e-431a-8ecc-4cb2fe5bf448,probe01,alf,True,True,True,2
032452e9-1886-449d-9c13-0f192572e19f,d403c464-9d91-4338-b64b-81c299356972,probe00,alf,True,True,True,2
56b57c38-2699-4091-90a8-aba35103155e,ce24bbe9-ae70-4659-9e9c-564d1a865de8,probe00,alf,True,True,True,2
56b57c38-2699-4091-90a8-aba35103155e,ce397420-3cd2-4a55-8fd1-5e28321981f4,probe01,alf,True,True,True,2
91796ceb-e314-4859-9a1f-092f85cc846a,3a37fb5c-3e96-4a0e-ac63-2eeec6744588,probe01,alf,True,True,True,2
6c6983ef-7383-4989-9183-32b1a300d17a,869bac48-ad1b-46b8-be00-cf6b26aea40e,probe01,alf,True,True,True,2
6c6983ef-7383-4989-9183-32b1a300d17a,c0c3c95d-43c3-4e30-9ce7-0519d0473911,probe00,alf,True,True,True,2
eebacd5a-7dcd-4ba6-9dff-ec2a4d2f19e0,099c0519-640b-4eb7-867c-998dc337579d,probe01,alf,True,True,True,2
eebacd5a-7dcd-4ba6-9dff-ec2a4d2f19e0,df6012d0-d921-4d0a-af2a-2a91030d0f42,probe00,alf,True,True,True,2
671c7ea7-6726-4fbe-adeb-f89c2c8e489b,04c9890f-2276-4c20-854f-305ff5c9b6cf,probe00,alf,True,True,True,2
671c7ea7-6726-4fbe-adeb-f89c2c8e489b,3e7618b8-34ca-4e48-ba3a-0e0f88a43131,probe01,alf,True,True,True,2
6bb5da8f-6858-4fdd-96d9-c34b3b841593,7909c0aa-c074-4e19-aabf-b8167c682a5b,probe00,alf,True,True,True,2
3638d102-e8b6-4230-8742-e548cd87a949,143dd7cf-6a47-47a1-906d-927ad7fe9117,probe01,alf,True,True,True,2
f1db6257-85ef-4385-b415-2d078ec75df2,72c095b0-c7ab-4e22-a4aa-4163102de553,probe00,alf,True,True,True,2
f1db6257-85ef-4385-b415-2d078ec75df2,de5d704c-4a5b-4fb0-b4af-71614c510a8b,probe01,alf,True,True,True,2
d3a2b25e-46d3-4f0b-ade6-4e32255f4c35,0228bcfd-632e-49bd-acd4-c334cf9213e9,probe01,alf,True,True,True,2
d3a2b25e-46d3-4f0b-ade6-4e32255f4c35,ffb1b072-2de7-44a4-8115-5799b9866382,probe00,alf,True,True,True,2
9545aa05-3945-4054-a5c3-a259f7209d61,25e75514-43e1-4c07-9fea-581bd203b55c,probe00,alf,True,True,True,2
9545aa05-3945-4054-a5c3-a259f7209d61,58b271d5-f728-4de8-b2ae-51908931247c,probe01,alf,True,True,True,2
1425bd6f-c625-4f6a-b237-dc5bcfc42c87,577e4741-4b15-4e91-b81b-61304a09bfb5,probe01,alf,True,True,True,2
e6043c7d-8f6e-4b66-8309-2ec0abac0f79,810416d1-ce3c-4b2e-a827-6cdc65c8cd5c,probe00,alf,True,True,True,2
9b528ad0-4599-4a55-9148-96cc1d93fb24,485b50c8-71e1-4654-9a07-64395c15f5ed,probe00,alf,True,True,True,2
b887df2c-bb9c-44c9-a9c0-538da87b2cab,33cde267-919e-4c4d-9105-814787499837,probe00,alf,True,True,True,2
b887df2c-bb9c-44c9-a9c0-538da87b2cab,59b7a543-8827-4157-a4f6-d5d0e50fdf39,probe01,alf,True,True,True,2
63c70ae8-4dfb-418b-b21b-f0b1e5fba6c9,335d689e-4d98-4532-b01b-7f7da89863c4,probe00,alf,True,True,True,2
63c70ae8-4dfb-418b-b21b-f0b1e5fba6c9,83716e49-3026-41a3-b021-1a4b6362f433,probe01,alf,True,True,True,2
3e6a97d3-3991-49e2-b346-6948cb4580fb,0aafb6f1-6c10-4886-8f03-543988e02d9e,probe00,alf,True,True,True,2
3e6a97d3-3991-49e2-b346-6948cb4580fb,b976e816-bc24-42e3-adf4-2801f1a52657,probe01,alf,True,True,True,2
eacc49a9-f3a1-49f1-b87f-0972f90ee837,dac5defe-62b8-4cc0-96cb-b9f923957c7f,probe00,alf,True,True,True,2
eacc49a9-f3a1-49f1-b87f-0972f90ee837,e9cf749b-85dc-4b59-834b-325cec608c48,probe01,alf,True,True,True,2
5b49aca6-a6f4-4075-931a-617ad64c219c,f84f36c9-88f8-4d80-ba34-7f7a2b254ece,probe01,alf,True,True,True,2
d901aff5-2250-467a-b4a1-0cb9729df9e2,12c0f3a9-518e-4dac-9651-5d95c2b4730f,probe01,alf,True,True,True,2
d901aff5-2250-467a-b4a1-0cb9729df9e2,96c816ad-9a48-46a4-8a84-9a73cc153d69,probe00,alf,True,True,True,2
27ef44c0-acb2-4220-b776-477d0d5abd35,07c79864-6fff-4e72-9fce-1c982e3457f9,probe00,alf,True,True,True,2
27ef44c0-acb2-4220-b776-477d0d5abd35,d23dec01-b35e-4950-9afa-72a1b3e74148,probe01,alf,True,True,True,2
1ca83b26-30fc-4350-a616-c38b7d00d240,9486a103-c53e-4a60-b202-4efcc6278d44,probe01,alf,True,True,True,2
1ca83b26-30fc-4350-a616-c38b7d00d240,f865ea6c-6288-4a77-9a94-ef740166e9c7,probe00,alf,True,True,True,2
e0928e11-2b86-4387-a203-80c77fab5d52,799d899d-c398-4e81-abaf-1ef4b02d5475,probe01,alf,True,True,True,2
e0928e11-2b86-4387-a203-80c77fab5d52,fdeff6df-7216-4b83-ab64-241e9fd173da,probe00,alf,True,True,True,2
3bcb81b4-d9ca-4fc9-a1cd-353a966239ca,cc701ed3-84b6-4b8e-8390-2e3f54414b19,probe01,alf,True,True,True,2
3bcb81b4-d9ca-4fc9-a1cd-353a966239ca,d004f105-9886-4b83-a59a-f9173131a383,probe00,alf,True,True,True,2
7cc74598-9c1b-436b-84fa-0bf89f31adf6,27109779-1b15-4d74-893f-08216d231307,probe00,alf,True,True,True,4
7cc74598-9c1b-436b-84fa-0bf89f31adf6,bf827e50-eed3-4984-908e-c48ffbeae7b5,probe01,alf,True,True,True,1
2d9bfc10-59fb-424a-b699-7c42f86c7871,00c425fd-ec3e-4cd2-b8af-c0bc0c4bdd44,probe00,alf,True,True,True,2
f4eb56a4-8bf8-4bbc-a8f3-6e6535134bad,bef05a5c-68c3-4513-87c7-b3151c88da8e,probe00,alf,True,True,True,2
f4eb56a4-8bf8-4bbc-a8f3-6e6535134bad,e5bd461c-a713-4b3c-b165-a132a711e59d,probe01,alf,True,True,True,3
6c6b0d06-6039-4525-a74b-58cfaa1d3a60,3fded122-619c-4e65-aadd-d5420978d167,probe00,alf,True,True,True,2
6c6b0d06-6039-4525-a74b-58cfaa1d3a60,6bd246d2-b2c2-4a88-ac44-1a3e0facbaee,probe01,alf,True,True,True,2
195443eb-08e9-4a18-a7e1-d105b2ce1429,4d2e7e49-5b08-4914-afa6-fd311d957082,probe00,alf,True,True,True,2
0f77ca5d-73c2-45bd-aa4c-4c5ed275dbde,1ab86a7f-578b-4a46-9c9c-df3be97abcca,probe00,alf,True,True,True,2
0f77ca5d-73c2-45bd-aa4c-4c5ed275dbde,eb7e9f3f-b79d-4cdd-bc24-b13a4008c1b5,probe01,alf,True,True,True,2
ae8787b1-4229-4d56-b0c2-566b61a25b77,06cb2ee3-0fb8-4ace-acbe-19c716f3ca40,probe00,alf,True,True,True,2
ae8787b1-4229-4d56-b0c2-566b61a25b77,310c60b6-d68f-4018-a86a-3668ce296837,probe01,alf,True,True,True,2
5c0c560e-9e1f-45e9-b66e-e4ee7855be84,478de1ce-d7e7-4221-9365-2abdc6e88fb6,probe00,alf,True,True,True,2
5c0c560e-9e1f-45e9-b66e-e4ee7855be84,d5e5311c-8beb-4f8f-b798-3e9bfa6bcdd8,probe01,alf,True,True,True,3
28338153-4113-485b-835b-91cb96d984f2,697d9e03-edc6-430a-ae76-94628c510161,probe00,alf,True,True,True,1
29a6def1-fc5c-4eea-ac48-47e9b053dcb5,81ef1ec7-dbcc-410f-9bff-b21a62a909fd,probe00,alf,True,True,True,2
f56194bc-8215-4ae8-bc6a-89781ad8e050,18d316bf-d322-4c5c-814e-a58147f7bf5f,probe01,alf,True,True,True,2
f56194bc-8215-4ae8-bc6a-89781ad8e050,f0c390da-d8e3-4b5f-8df7-bd2f153ed01b,probe00,alf,True,True,True,1
c958919c-2e75-435d-845d-5b62190b520e,cc72fdb7-92e8-47e6-9cea-94f27c0da2d8,probe00,alf,True,True,True,2
4e560423-5caf-4cda-8511-d1ab4cd2bf7d,703f2cd2-377a-48ec-979a-135863169671,probe00a,alf,True,True,True,2
e6594a5b-552c-421a-b376-1a1baa9dc4fd,9b5fec96-9f19-4ddf-ba1c-3175e15245e9,probe00,alf,True,True,True,1
de905562-31c6-4c31-9ece-3ee87b97eab4,6a7544a8-d3d4-44a1-a9c6-7f4d460feaac,probe00b,alf,True,True,True,2
d85c454e-8737-4cba-b6ad-b2339429d99b,fb962a77-ed5a-40e0-bfdf-b3220427c55e,probe00a,alf,True,True,True,2
3a3ea015-b5f4-4e8b-b189-9364d1fc7435,bf746764-78e0-4b9c-bdf6-65b6ff45745d,probe00a,alf,True,True,True,2
642c97ea-fe89-4ec9-8629-5e492ea4019d,49c2ea3d-2b50-4e8a-b124-9e190960784e,probe00,alf,True,True,True,1
642c97ea-fe89-4ec9-8629-5e492ea4019d,b72b22c2-6e9d-4604-9910-20c0e1a467d7,probe01,alf,True,True,True,2
caa5dddc-9290-4e27-9f5e-575ba3598614,4836a465-c691-4852-a0b1-dcd2b1ce38a1,probe00,alf,True,True,True,2
caa5dddc-9290-4e27-9f5e-575ba3598614,d0046384-16ea-4f69-bae9-165e8d0aeacf,probe01,alf,True,True,True,2
5139ce2c-7d52-44bf-8129-692d61dd6403,3283d8ec-1436-4529-8a16-941bbf65c91d,probe00,alf,True,True,True,2
5139ce2c-7d52-44bf-8129-692d61dd6403,eb82b081-4edc-4d6a-89ee-3453d1c4c8f0,probe01,alf,True,True,True,2
49368f16-de69-4647-9a7a-761e94517821,958b1089-a066-43e2-990d-8aad703429a2,probe00,alf,True,True,True,2
ebe090af-5922-4fcd-8fc6-17b8ba7bad6d,11a5a93e-58a9-4ed0-995e-52279ec16b98,probe01,alf,True,True,True,2
d832d9f7-c96a-4f63-8921-516ba4a7b61f,800e8e76-dc93-4e52-ae8d-e35ad26daefe,probe01,alf,True,True,True,2
dcceebe5-4589-44df-a1c1-9fa33e779727,134e8241-f5d7-4ad7-a8c0-11b34f2eedc3,probe00,alf,True,True,True,2
b10ed1ba-2099-42c4-bee3-d053eb594f09,f1c3cf0a-f3ad-479b-8dd2-7d60ab6d03ff,probe00,alf,True,True,True,3
cae5cd75-55e5-4277-8db3-cf4d6c5ff918,46630957-63fd-4d0d-a2ba-8766f0796db8,probe00,alf,True,True,True,3
4ef13091-1bc8-4f32-9619-107bdf48540c,aec2b14f-5dbc-400b-bf2e-dd13e711e2ff,probe00,alf,True,True,True,2
25f77e81-c1af-46ab-8686-73ac3d67c4a7,f142d2c6-6d85-4e9d-9c56-07620486e068,probe00,alf,True,True,True,3
4ddb8a95-788b-48d0-8a0a-66c7c796da96,20469b30-1cd8-4078-9883-a840a0f6d787,probe01,alf,True,True,True,2
4ddb8a95-788b-48d0-8a0a-66c7c796da96,d3b3c9a7-cf6a-4d25-b8da-e0f599a26191,probe00,alf,True,True,True,2
f8041c1e-5ef4-4ae6-afec-ed82d7a74dc1,8aba5f8c-4438-4588-9bb0-b20d2fd3eca5,probe01,alf,True,True,True,2
65f5c9b4-4440-48b9-b914-c593a5184a18,b549e337-acc5-4837-9c56-e53b173fe5fe,probe00,alf,True,True,True,2
037d75ca-c90a-43f2-aca6-e86611916779,81a1cbae-60b6-4013-9511-1bf3855387a2,probe00,alf,True,True,True,4
e12fbe11-8a6b-4bf6-a955-e5f6cec31ef1,01937b3b-8719-43c3-b5bd-14e6b0cf2802,probe00,alf,True,True,True,3
a7763417-e0d6-4f2a-aa55-e382fd9b5fb8,57c5856a-c7bd-4d0f-87c6-37005b1484aa,probe00,alf,True,True,True,2
a7763417-e0d6-4f2a-aa55-e382fd9b5fb8,769b42dc-acf3-4079-b09e-ec979568d297,probe01,alf,True,True,True,3
5285c561-80da-4563-8694-739da92e5dd0,bc2f8bde-9498-41d7-b9db-83bd05cd34ba,probe00,alf,True,True,True,2
5285c561-80da-4563-8694-739da92e5dd0,f698f893-da01-49a1-ae4b-16f7e42e5ff5,probe01,alf,True,True,True,2
ff96bfe1-d925-4553-94b5-bf8297adf259,84fd7fa3-6c2d-4233-b265-46a427d3d68d,probe01,alf,True,True,True,2
ff96bfe1-d925-4553-94b5-bf8297adf259,86553ccc-2e51-4cfb-a8e6-80da6860c8d9,probe00,alf,True,True,True,2
a9138924-4395-4981-83d1-530f6ff7c8fc,9338f8bb-e097-46d8-81b4-7f37beb4d308,probe00,alf,True,True,True,3
a9138924-4395-4981-83d1-530f6ff7c8fc,d8c7d3f2-f8e7-451d-bca1-7800f4ef52ed,probe01,alf,True,True,True,2
8c2f7f4d-7346-42a4-a715-4d37a5208535,5b489aee-75e8-42af-aca6-3026d9a54c2d,probe01,alf,True,True,True,2
09394481-8dd2-4d5c-9327-f2753ede92d7,0fcb5f66-4d56-4247-8413-aef51e484e67,probe00,alf,True,True,True,3
09394481-8dd2-4d5c-9327-f2753ede92d7,da57bb3a-b0f2-465d-a5fc-cc84341450b0,probe01,alf,True,True,True,2
dc21e80d-97d7-44ca-a729-a8e3f9b14305,176b4fe3-f570-4d9f-9e25-a5d218f75c8b,probe00,alf,True,True,True,2
25d1920e-a2af-4b6c-9f2e-fc6c65576544,76c5c1a1-3617-4727-9f75-d975c9a08203,probe01,alf,True,True,True,2
25d1920e-a2af-4b6c-9f2e-fc6c65576544,c0e59477-43f0-4441-9f81-3a55ddad9dad,probe00,alf,True,True,True,2
91e04f86-89df-4dec-a8f8-fa915c9a5f1a,37137b1d-34d4-4183-9796-abfc9ffb6abe,probe00,alf,True,True,True,2
c728f6fd-58e2-448d-aefb-a72c637b604c,30dfb8c6-9202-43fd-a92d-19fe68602b6f,probe00,alf,True,True,True,2
c728f6fd-58e2-448d-aefb-a72c637b604c,4037a618-e6ba-4142-a6d2-3e32ef25fd1b,probe01,alf,True,True,True,2
952870e5-f2a7-4518-9e6d-71585460f6fe,19137f8d-0f3b-4923-93ad-f741758e1b2e,probe01,alf,True,True,True,2
952870e5-f2a7-4518-9e6d-71585460f6fe,727ff7c4-d63f-4bd8-9888-f134a25b874f,probe00,alf,True,True,True,2
f304211a-81b1-446f-a435-25e589fe3a5a,94761f31-0dfc-4f67-87ef-6d1ac7f95144,probe01,alf,True,True,True,2
f304211a-81b1-446f-a435-25e589fe3a5a,f31bef35-3f56-4ca9-a34f-09d678f03039,probe00,alf,True,True,True,2
73918ae1-e4fd-4c18-b132-00cb555b1ad2,0851db85-2889-4070-ac18-a40e8ebd96ba,probe01,alf,True,True,True,2
73918ae1-e4fd-4c18-b132-00cb555b1ad2,c9fb5e2e-bd92-41d8-8b7e-394005860a1e,probe00,alf,True,True,True,2
d2832a38-27f6-452d-91d6-af72d794136c,b25799a5-09e8-4656-9c1b-44bc9cbb5279,probe00,alf,True,True,True,3
0cc486c3-8c7b-494d-aa04-b70e2690bcba,d8ccc6bb-f0d9-494a-b682-f12c73e228c6,probe01,alf,True,True,True,2
0cc486c3-8c7b-494d-aa04-b70e2690bcba,db2100c3-64ac-463e-97a1-20ce8266cd5f,probe00,alf,True,True,True,2
e9fc0a2d-c69d-44d1-9fa3-314782387cae,06d42449-d6ac-4c35-8f85-24ecfbc08bc1,probe00,alf,True,True,True,3
72028382-a869-4745-bacf-cb8789e16953,bb7a5967-56ae-4193-920d-142710b4f07d,probe00,alf,True,True,True,2
af55d16f-0e31-4073-bdb5-26da54914aa2,7d63ab43-95e4-41f5-bd43-c629578de7a9,probe00,alf,True,True,True,2
821f1883-27f3-411d-afd3-fb8241bbc39a,88e1154c-bd92-446d-bd6d-550062666223,probe00,alf,True,True,True,2
69a0e953-a643-4f0e-bb26-dc65af3ea7d7,5a5a2320-3b0d-485d-aba2-dc96357e00d8,probe00,alf,True,True,True,2
86b6ba67-c1db-4333-add0-f8105ea6e363,366dabe3-2790-4511-a7dc-023a1ad9df75,probe00,alf,True,True,True,2
86b6ba67-c1db-4333-add0-f8105ea6e363,fcc167d6-cb53-4dc7-a58f-06a53cfabc84,probe01,alf,True,True,True,2
58b1e920-cfc8-467e-b28b-7654a55d0977,1f555fc6-5067-428b-a284-da6fb0b6b3a0,probe00,alf,True,True,True,3
08102cfc-a040-4bcf-b63c-faa0f4914a6f,f7c49002-6565-4314-83f7-19b9a16d8e61,probe01,alf,True,True,True,3
3e7ae7c0-fe8b-487c-9354-036236fa1010,6d3b68e0-3efd-4b03-b747-16e44118a0a9,probe00,alf,True,True,True,2
5b44c40f-80f4-44fb-abfb-c7f19e27a6ca,68c98fb2-402b-4670-9b3b-0c77619998ea,probe01,alf,True,True,True,2
5b44c40f-80f4-44fb-abfb-c7f19e27a6ca,d6c810b2-5922-4127-af2b-4b104bc55c2b,probe00,alf,True,True,True,2
03cf52f6-fba6-4743-a42e-dd1ac3072343,a3d13b05-bf4d-427a-a2d5-2fe050d603ec,probe00,alf,True,True,True,2
03cf52f6-fba6-4743-a42e-dd1ac3072343,b45c8f3f-6361-41df-9bc1-9df98b3d30e6,probe01,alf,True,True,True,3
da188f2c-553c-4e04-879b-c9ea2d1b9a93,dd619e10-5df1-4c79-bd62-cc00937b5d36,probe01,alf,True,True,True,2
da188f2c-553c-4e04-879b-c9ea2d1b9a93,eda7a3ac-f038-4603-9c68-816234e9c4eb,probe00,alf,True,True,True,2
7f6b86f9-879a-4ea2-8531-294a221af5d0,4c04120d-523a-4795-ba8f-49dbb8d9f63a,probe01,alf,True,True,True,2
7f6b86f9-879a-4ea2-8531-294a221af5d0,9657af01-50bd-4120-8303-416ad9e24a51,probe00,alf,True,True,True,2
5adab0b7-dfd0-467d-b09d-43cb7ca5d59c,96fe2729-b5a2-4e77-92bb-9df410144768,probe01,alf,True,True,True,2
5adab0b7-dfd0-467d-b09d-43cb7ca5d59c,b4131145-9675-4433-88e1-9ae016c701dd,probe00,alf,True,True,True,2
49e0ab27-827a-4c91-bcaa-97eea27a1b8d,0fa33419-e7b9-4d00-8cab-3b51f93ecf0c,probe00,alf,True,True,True,2
49e0ab27-827a-4c91-bcaa-97eea27a1b8d,ed469fda-4519-456f-a671-cf901222b4f8,probe01,alf,True,True,True,3
edd22318-216c-44ff-bc24-49ce8be78374,257d0357-76ed-4220-8d50-68da6efda72d,probe00,alf,True,True,True,2
edd22318-216c-44ff-bc24-49ce8be78374,30ac1320-d671-46fc-87ef-875cdfc6b4eb,probe01,alf,True,True,True,2
8db36de1-8f17-4446-b527-b5d91909b45a,e6508b9a-9dec-47d7-88c7-b0a72c7d1134,probe01,alf,True,True,True,2
1eac875c-feaa-4a30-b148-059b954b11d8,b3065f45-7227-4099-9f8c-7e81e677d8cf,probe01,alf,True,True,True,2
41431f53-69fd-4e3b-80ce-ea62e03bf9c7,2781c08e-a356-4a0d-8c28-4f94d1c87f69,probe00,alf,True,True,True,2
41431f53-69fd-4e3b-80ce-ea62e03bf9c7,a9c9df46-85f3-46ad-848d-c6b8da4ae67c,probe01,alf,True,True,True,2
a66f1593-dafd-4982-9b66-f9554b6c86b5,362823e7-5514-41d3-a31d-4b73f91ad3d0,probe01,alf,True,True,True,2
a66f1593-dafd-4982-9b66-f9554b6c86b5,57656bee-e32e-4848-b924-0f6f18cfdfb1,probe00,alf,True,True,True,2
a82800ce-f4e3-4464-9b80-4c3d6fade333,4364cabe-a27c-4bd5-b398-1d068aca47cf,probe00,alf,True,True,True,2
a82800ce-f4e3-4464-9b80-4c3d6fade333,b8df4cc3-e973-4267-8cf8-a55cea77e1ac,probe01,alf,True,True,True,3
6a601cc5-7b79-4c75-b0e8-552246532f82,179ce6d0-e348-4257-b718-e58dd4134589,probe01,alf,True,True,True,2
6a601cc5-7b79-4c75-b0e8-552246532f82,532bb33e-f22f-454a-ba1f-561d1578b250,probe00,alf,True,True,True,3
90e74228-fd1a-482f-bd56-05dbad132861,3220377b-f53e-412d-a859-ef8ccb8f0a40,probe00,alf,True,True,True,3
b81e3e11-9a60-4114-b894-09f85074d9c3,9ac90b86-fc72-4ca0-9389-c8b3a77da437,probe00,alf,True,True,True,2
8207abc6-6b23-4762-92b4-82e05bed5143,9bd71ac6-c455-41f3-8c56-59987a649ac4,probe01,alf,True,True,True,2
8207abc6-6b23-4762-92b4-82e05bed5143,e22d047c-5beb-4e5b-9a3d-53b637743856,probe00,alf,True,True,True,3
20c112a1-8a42-44e0-a4cd-e5b932f7bda9,38981973-20de-44e5-8717-efcf88642502,probe01,alf,True,True,True,2
20c112a1-8a42-44e0-a4cd-e5b932f7bda9,d06bdedb-e173-4fe5-a4f1-ab9ab53f9761,probe00,alf,True,True,True,2
549caacc-3bd7-40f1-913d-e94141816547,99086aba-f671-42b5-bdc0-e665c61f5452,probe00,alf,True,True,True,2
549caacc-3bd7-40f1-913d-e94141816547,9e979599-11e1-4372-96fc-e80520f3e668,probe01,alf,True,True,True,2
6274dda8-3a59-4aa1-95f8-a8a549c46a26,1bd85dab-7a53-49d1-acd4-e82f9fd07cf6,probe01,alf,True,True,True,2
6274dda8-3a59-4aa1-95f8-a8a549c46a26,f9b2e36b-eef8-402f-b121-786dfed58bcb,probe00,alf,True,True,True,2
90c61c38-b9fd-4cc3-9795-29160d2f8e55,43436b4b-0431-407f-b83d-d657ec22b5c6,probe00,alf,True,True,True,3
ff48aa1d-ef30-4903-ac34-8c41b738c1b9,fe380793-8035-414e-b000-09bfe5ece92a,probe01,alf,True,True,True,2
280ee768-f7b8-4c6c-9ea0-48ca75d6b6f3,64d04585-67e7-4320-baad-8d4589fd18f7,probe01,alf,True,True,True,2
280ee768-f7b8-4c6c-9ea0-48ca75d6b6f3,f9d783f9-7d2e-4b53-83f7-9409f788cbca,probe00,alf,True,True,True,3
c557324b-b95d-414c-888f-6ee1329a2329,4994543f-20e8-4421-adca-8739984e07ad,probe01,alf,True,True,True,2
c557324b-b95d-414c-888f-6ee1329a2329,d8dae4d0-e11d-4b4d-8bd9-103c13491eb7,probe00,alf,True,True,True,2
5d01d14e-aced-4465-8f8e-9a1c674f62ec,0dfc64c5-80bc-43b6-a7c4-2fb6e638e9f3,probe01,alf,True,True,True,3
5d01d14e-aced-4465-8f8e-9a1c674f62ec,c84144db-4498-4627-b72a-975a6b618715,probe00,alf,True,True,True,3
e56541a5-a6d5-4750-b1fe-f6b5257bfe7c,920865d3-1581-4e81-bd63-ab2186024564,probe00,alf,True,True,True,2
e56541a5-a6d5-4750-b1fe-f6b5257bfe7c,d1d9defc-6f73-489f-9f14-2c0b5e970b2d,probe01,alf,True,True,True,3
81a78eac-9d36-4f90-a73a-7eb3ad7f770b,03d2d8d1-a116-4763-8425-4ef7b1c1bd35,probe01,alf,True,True,True,2
81a78eac-9d36-4f90-a73a-7eb3ad7f770b,5011eba9-8926-4a73-b729-579d02676d25,probe00,alf,True,True,True,2
626126d5-eecf-4e9b-900e-ec29a17ece07,79b2e46e-e2ee-446e-b875-9aff03ef52d2,probe00,alf,True,True,True,2
626126d5-eecf-4e9b-900e-ec29a17ece07,f211d54e-e7eb-4188-bdcd-faa9c4317e9e,probe01,alf,True,True,True,3
b69b86be-af7d-4ecf-8cbf-0cd356afa1bd,00a96dee-1e8b-44cc-9cc3-aca704d2b594,probe01,alf,True,True,True,3
b69b86be-af7d-4ecf-8cbf-0cd356afa1bd,8d89b7d0-33e7-45c6-9972-d3ad4c1e5f4c,probe00,alf,True,True,True,2
15763234-d21e-491f-a01b-1238eb96d389,8ca1a850-26ef-42be-8b28-c2e2d12f06d6,probe00,alf,True,True,True,2
e349a2e7-50a3-47ca-bc45-20d1899854ec,3bd1f88b-4e0c-43a6-9483-3305e82f2fae,probe00,alf,True,True,True,2
e349a2e7-50a3-47ca-bc45-20d1899854ec,c9664185-d3fd-4e0e-89cf-77c402038938,probe01,alf,True,True,True,3
1ec23a70-b94b-4e9c-a0df-8c2151da3761,54c8f5de-83d7-49b9-9b4c-67fe0f07289b,probe00,alf,True,True,True,2
1ec23a70-b94b-4e9c-a0df-8c2151da3761,91fb4ed3-ee27-4d7e-ba5d-f61202ed9884,probe01,alf,True,True,True,2
fcd49e34-f07b-441c-b2ac-cb8c462ec5ac,1fa9efcf-def3-40b1-86ae-ca411da98ef2,probe01,alf,True,True,True,3
fcd49e34-f07b-441c-b2ac-cb8c462ec5ac,ece878b9-830d-4618-b801-ad0e7d8e7085,probe00,alf,True,True,True,2
5522ac4b-0e41-4c53-836a-aaa17e82b9eb,180d278e-1a49-42da-a624-24aa14b57a4e,probe00,alf,True,True,True,2
5522ac4b-0e41-4c53-836a-aaa17e82b9eb,d14f70e6-bf7b-4d6d-a380-bfd0a46ed7a1,probe01,alf,True,True,True,2
993c7024-0abc-4028-ad30-d397ad55b084,81b1800e-f138-4337-abc9-bb0449b77852,probe00,alf,True,True,True,2
993c7024-0abc-4028-ad30-d397ad55b084,8bf0f1a4-0d8c-4df3-a99e-f7c81c809652,probe01,alf,True,True,True,2
fece187f-b47f-4870-a1d6-619afe942a7d,5d570bf6-a4c6-4bf1-a14b-2c878c84ef0e,probe01,alf,True,True,True,2
fece187f-b47f-4870-a1d6-619afe942a7d,f7c93877-ec05-4091-a003-e69fae0f2fa8,probe00,alf,True,True,True,2
c7bd79c9-c47e-4ea5-aea3-74dda991b48e,675952a4-e8b3-4e82-a179-cc970d5a8b01,probe01,alf,True,True,True,3
c7bd79c9-c47e-4ea5-aea3-74dda991b48e,79f44ba1-c931-4346-82eb-f628a9374045,probe00,alf,True,True,True,2
